contribution_type,proposal_id,proposal_reference,proposal_title,proposal_votes_totalCount,proposal_createdAt,proposal_publishedAt,proposal_updatedAt,proposal_publicationStatus,proposal_trashedAt,proposal_trashedReason,proposal_link,proposal_author_id,proposal_author_username,proposal_author_isEmailConfirmed,proposal_author_email,proposal_author_userType_id,proposal_author_userType_name,proposal_status_name,proposal_estimation,proposal_category_name,proposal_theme_title,"Hap ou Noel ?","Votre fleuve préféré","Comme tu as choisi Hap et le Gange, je t'affiche cette question (dsl jui pas inspiré)","Par qui Hap a t-il été créé ?","Hap est-il un homme bon ?","Comment ça ce n'est pas un homme bon, comment oses-tu ?","Noel a t-il un rapport avec la fête de Noël ?","De quelle couleur est le chapeau de Noël ?","Plutôt Marvel ou DC ?","T'aimes bien Superman ?","T'aimes bien Batman ?","T'aimes bien Supergirl ?","T'aimes bien Iron Man ?","T'aimes bien Luke Cage ?","T'aimes bien Thor ?","C'est la fin mais j'affiche quand même des choix",proposal_formattedAddress,proposal_district_name,proposal_illustration,proposal_summary,proposal_description,proposal_votes_id,proposal_votes_createdAt,proposal_votes_publishedAt,proposal_votes_anonymous,proposal_votes_author_id,proposal_votes_author_username,proposal_votes_author_isEmailConfirmed,proposal_votes_ranking,proposal_votes_author_userType_id,proposal_votes_author_userType_name,proposal_comments_id,proposal_comments_body,proposal_comments_parent,proposal_comments_createdAt,proposal_comments_publishedAt,proposal_comments_updatedAt,proposal_comments_author_id,proposal_comments_author_username,proposal_comments_author_isEmailConfirmed,proposal_comments_author_userType_id,proposal_comments_author_userType_name,proposal_comments_author_email,proposal_comments_pinned,proposal_comments_publicationStatus,proposal_comments_vote_id,proposal_comments_vote_createdAt,proposal_comments_vote_publishedAt,proposal_comments_vote_published,proposal_comments_vote_author_id,proposal_comments_vote_author_username,proposal_comments_vote_author_isEmailConfirmed,proposal_comments_vote_author_userType_id,proposal_comments_vote_author_userType_name,proposal_news_id,proposal_news_title,proposal_news_themes,proposal_news_linkedProjects,proposal_news_linkedProposal,proposal_news_createdAt,proposal_news_updatedAt,proposal_news_publishedAt,proposal_news_publicationStatus,proposal_news_commentable,proposal_news_displayedOnBlog,proposal_news_authors_id,proposal_news_authors_username,proposal_news_authors_isEmailConfirmed,proposal_news_authors_userType_id,proposal_news_authors_userType_name,proposal_news_comments_id,proposal_news_comments_body,proposal_news_comments_parent,proposal_news_comments_createdAt,proposal_news_comments_updatedAt,proposal_news_comments_author_id,proposal_news_comments_author_username,proposal_news_comments_author_isEmailConfirmed,proposal_news_comments_author_userType_id,proposal_news_comments_author_userType_name,proposal_news_comments_author_email,proposal_news_comments_pinned,proposal_news_comments_publicationStatus,proposal_news_comments_vote_id,proposal_news_comments_vote_createdAt,proposal_news_comments_vote_publishedAt,proposal_news_comments_vote_published,proposal_news_comments_vote_author_id,proposal_news_comments_vote_author_username,proposal_news_comments_vote_author_isEmailConfirmed,proposal_news_comments_vote_author_userType_id,proposal_news_comments_vote_author_userType_name,proposal_news_comments_reportings_id,proposal_news_comments_reportings_createdAt,proposal_news_comments_reportings_published,proposal_news_comments_reportings_author_id,proposal_news_comments_reportings_author_username,proposal_news_comments_reportings_author_isEmailConfirmed,proposal_news_comments_reportings_author_userType_id,proposal_news_comments_reportings_author_userType_name,proposal_reportings_id,proposal_reportings_body,proposal_reportings_createdAt,proposal_reportings_author_id,proposal_reportings_author_username,proposal_reportings_author_isEmailConfirmed,proposal_reportings_author_userType_id,proposal_reportings_author_userType_name
proposal,UHJvcG9zYWw6cHJvcG9zYWwxMDA=,"""114-1100""","Proposal 100",0,@datetime@,@datetime@,@datetime@,PUBLISHED,,,https://capco.dev/projects/budget-participatif-rennes/collect/collecte-des-propositions-avec-questions/proposals/proposal-100,VXNlcjp1c2VyMQ==,lbrunet,Yes,lbrunet@jolicode.com,1,Citoyen,,,,,,,,,,,,,,,,,,,,,,,,,"Corrupti expedita aut dolor ab aut. Accusamus cupiditate provident rerum aut officia. Non adipisci in incidunt.",,,,,,,,,,,,,,,,,,,,,,,,,,,,,,,,,,,,,,,,,,,,,,,,,,,,,,,,,,,,,,,,,,,,,,,,,,,,,,,,,,,,,,,
proposal,UHJvcG9zYWw6cHJvcG9zYWwxMDE=,"""114-101""","Proposition sans titre",0,@datetime@,@datetime@,,PUBLISHED,,,https://capco.dev/projects/budget-participatif-rennes/collect/collecte-des-propositions-avec-questions/proposals/proposition-sans-titre,VXNlcjp1c2VyMQ==,lbrunet,Yes,lbrunet@jolicode.com,1,Citoyen,,,,,,,,,,,,,,,,,,,,,,,,,"Je suis une proposition crée en tant que fusion avec mon titre (FR) par défaut",,,,,,,,,,,,,,,,,,,,,,,,,,,,,,,,,,,,,,,,,,,,,,,,,,,,,,,,,,,,,,,,,,,,,,,,,,,,,,,,,,,,,,,
proposal,UHJvcG9zYWw6cHJvcG9zYWw0MA==,"""114-140""","Proposal 40",0,@datetime@,@datetime@,@datetime@,PUBLISHED,,,https://capco.dev/projects/budget-participatif-rennes/collect/collecte-des-propositions-avec-questions/proposals/proposal-40,VXNlcjp1c2VyMQ==,lbrunet,Yes,lbrunet@jolicode.com,1,Citoyen,,,,,,,,,,,,,,,,,,,,,,,,,"Asperiores laudantium cupiditate vero. Commodi sint nostrum beatae quod vitae aut. Ab nulla blanditiis quaerat. Possimus voluptas repellendus sint atque.",,,,,,,,,,,,,,,,,,,,,,,,,,,,,,,,,,,,,,,,,,,,,,,,,,,,,,,,,,,,,,,,,,,,,,,,,,,,,,,,,,,,,,,
proposal,UHJvcG9zYWw6cHJvcG9zYWw0MQ==,"""114-141""","Proposal 41",0,@datetime@,@datetime@,@datetime@,PUBLISHED,,,https://capco.dev/projects/budget-participatif-rennes/collect/collecte-des-propositions-avec-questions/proposals/proposal-41,VXNlcjp1c2VyMQ==,lbrunet,Yes,lbrunet@jolicode.com,1,Citoyen,,,,,,,,,,,,,,,,,,,,,,,,,"Libero ipsa sit fugiat. Earum veniam consequuntur doloremque ex vel rerum minima numquam. Provident et dolorem nam natus. Nobis et facilis fugiat ducimus aliquid.",,,,,,,,,,,,,,,,,,,,,,,,,,,,,,,,,,,,,,,,,,,,,,,,,,,,,,,,,,,,,,,,,,,,,,,,,,,,,,,,,,,,,,,
proposal,UHJvcG9zYWw6cHJvcG9zYWw0Mg==,"""114-142""","Proposal 42",0,@datetime@,@datetime@,@datetime@,PUBLISHED,,,https://capco.dev/projects/budget-participatif-rennes/collect/collecte-des-propositions-avec-questions/proposals/proposal-42,VXNlcjp1c2VyMQ==,lbrunet,Yes,lbrunet@jolicode.com,1,Citoyen,,,,,,,,,,,,,,,,,,,,,,,,,"Veniam sunt nemo ducimus velit deleniti sint earum necessitatibus. Quae illum quibusdam voluptas porro sint. Porro id voluptatum animi sequi. Voluptatem qui vel incidunt officia quo.",,,,,,,,,,,,,,,,,,,,,,,,,,,,,,,,,,,,,,,,,,,,,,,,,,,,,,,,,,,,,,,,,,,,,,,,,,,,,,,,,,,,,,,
proposal,UHJvcG9zYWw6cHJvcG9zYWw0Mw==,"""114-143""","Proposal 43",0,@datetime@,@datetime@,@datetime@,PUBLISHED,,,https://capco.dev/projects/budget-participatif-rennes/collect/collecte-des-propositions-avec-questions/proposals/proposal-43,VXNlcjp1c2VyMQ==,lbrunet,Yes,lbrunet@jolicode.com,1,Citoyen,,,,,,,,,,,,,,,,,,,,,,,,,"Dolorum voluptas aliquam quis. Ea aspernatur omnis accusantium consectetur odio.",,,,,,,,,,,,,,,,,,,,,,,,,,,,,,,,,,,,,,,,,,,,,,,,,,,,,,,,,,,,,,,,,,,,,,,,,,,,,,,,,,,,,,,
proposal,UHJvcG9zYWw6cHJvcG9zYWw0NA==,"""114-144""","Proposal 44",0,@datetime@,@datetime@,@datetime@,PUBLISHED,,,https://capco.dev/projects/budget-participatif-rennes/collect/collecte-des-propositions-avec-questions/proposals/proposal-44,VXNlcjp1c2VyMQ==,lbrunet,Yes,lbrunet@jolicode.com,1,Citoyen,,,,,,,,,,,,,,,,,,,,,,,,,"Doloribus aut animi dolorem consequatur harum rerum esse commodi. Occaecati alias quos commodi aut ducimus. Qui omnis repellendus nostrum expedita.",,,,,,,,,,,,,,,,,,,,,,,,,,,,,,,,,,,,,,,,,,,,,,,,,,,,,,,,,,,,,,,,,,,,,,,,,,,,,,,,,,,,,,,
proposal,UHJvcG9zYWw6cHJvcG9zYWw0NQ==,"""114-145""","Proposal 45",0,@datetime@,@datetime@,@datetime@,PUBLISHED,,,https://capco.dev/projects/budget-participatif-rennes/collect/collecte-des-propositions-avec-questions/proposals/proposal-45,VXNlcjp1c2VyMQ==,lbrunet,Yes,lbrunet@jolicode.com,1,Citoyen,,,,,,,,,,,,,,,,,,,,,,,,,"Nobis natus at doloribus perspiciatis quaerat minima. Ut nulla hic quasi voluptatem. Consequatur quisquam sed harum pariatur ipsum.",,,,,,,,,,,,,,,,,,,,,,,,,,,,,,,,,,,,,,,,,,,,,,,,,,,,,,,,,,,,,,,,,,,,,,,,,,,,,,,,,,,,,,,
proposal,UHJvcG9zYWw6cHJvcG9zYWw0Ng==,"""114-146""","Proposal 46",0,@datetime@,@datetime@,@datetime@,PUBLISHED,,,https://capco.dev/projects/budget-participatif-rennes/collect/collecte-des-propositions-avec-questions/proposals/proposal-46,VXNlcjp1c2VyMQ==,lbrunet,Yes,lbrunet@jolicode.com,1,Citoyen,,,,,,,,,,,,,,,,,,,,,,,,,"Expedita corporis laborum eligendi. Quam nihil iusto a qui impedit aut consequatur. Vel fuga sint facere officiis et aut.",,,,,,,,,,,,,,,,,,,,,,,,,,,,,,,,,,,,,,,,,,,,,,,,,,,,,,,,,,,,,,,,,,,,,,,,,,,,,,,,,,,,,,,
proposal,UHJvcG9zYWw6cHJvcG9zYWw0Nw==,"""114-147""","Proposal 47",0,@datetime@,@datetime@,@datetime@,PUBLISHED,,,https://capco.dev/projects/budget-participatif-rennes/collect/collecte-des-propositions-avec-questions/proposals/proposal-47,VXNlcjp1c2VyMQ==,lbrunet,Yes,lbrunet@jolicode.com,1,Citoyen,,,,,,,,,,,,,,,,,,,,,,,,,"Voluptatem repudiandae ea excepturi ullam qui qui quis. Dignissimos iusto voluptatem necessitatibus quaerat tempora hic id. Reprehenderit cumque dignissimos qui assumenda voluptatem beatae dolores.",,,,,,,,,,,,,,,,,,,,,,,,,,,,,,,,,,,,,,,,,,,,,,,,,,,,,,,,,,,,,,,,,,,,,,,,,,,,,,,,,,,,,,,
proposal,UHJvcG9zYWw6cHJvcG9zYWw0OA==,"""114-148""","Proposal 48",0,@datetime@,@datetime@,@datetime@,PUBLISHED,,,https://capco.dev/projects/budget-participatif-rennes/collect/collecte-des-propositions-avec-questions/proposals/proposal-48,VXNlcjp1c2VyMQ==,lbrunet,Yes,lbrunet@jolicode.com,1,Citoyen,,,,,,,,,,,,,,,,,,,,,,,,,"Quaerat non facilis eligendi et omnis non saepe. Blanditiis culpa dolorem esse iure. Magni est nobis est quia voluptatibus error tempora. Non vero quo ipsam quae.",,,,,,,,,,,,,,,,,,,,,,,,,,,,,,,,,,,,,,,,,,,,,,,,,,,,,,,,,,,,,,,,,,,,,,,,,,,,,,,,,,,,,,,
proposal,UHJvcG9zYWw6cHJvcG9zYWw0OQ==,"""114-149""","Proposal 49",0,@datetime@,@datetime@,@datetime@,PUBLISHED,,,https://capco.dev/projects/budget-participatif-rennes/collect/collecte-des-propositions-avec-questions/proposals/proposal-49,VXNlcjp1c2VyMQ==,lbrunet,Yes,lbrunet@jolicode.com,1,Citoyen,,,,,,,,,,,,,,,,,,,,,,,,,"Alias accusantium explicabo non ipsa. Ratione omnis eligendi quam repellendus et libero. Ea beatae ut quis perferendis. Ut exercitationem consequuntur doloribus sit error.",,,,,,,,,,,,,,,,,,,,,,,,,,,,,,,,,,,,,,,,,,,,,,,,,,,,,,,,,,,,,,,,,,,,,,,,,,,,,,,,,,,,,,,
proposal,UHJvcG9zYWw6cHJvcG9zYWw1MA==,"""114-150""","Proposal 50",0,@datetime@,@datetime@,@datetime@,PUBLISHED,,,https://capco.dev/projects/budget-participatif-rennes/collect/collecte-des-propositions-avec-questions/proposals/proposal-50,VXNlcjp1c2VyMQ==,lbrunet,Yes,lbrunet@jolicode.com,1,Citoyen,,,,,,,,,,,,,,,,,,,,,,,,,"Doloremque temporibus est natus animi sequi cumque amet. Aliquam tempora aperiam aut rerum facere ea nisi. Ut sit saepe facilis sit magnam perferendis. Ullam cupiditate quisquam ut provident.",,,,,,,,,,,,,,,,,,,,,,,,,,,,,,,,,,,,,,,,,,,,,,,,,,,,,,,,,,,,,,,,,,,,,,,,,,,,,,,,,,,,,,,
proposal,UHJvcG9zYWw6cHJvcG9zYWw1MQ==,"""114-151""","Proposal 51",0,@datetime@,@datetime@,@datetime@,PUBLISHED,,,https://capco.dev/projects/budget-participatif-rennes/collect/collecte-des-propositions-avec-questions/proposals/proposal-51,VXNlcjp1c2VyMQ==,lbrunet,Yes,lbrunet@jolicode.com,1,Citoyen,,,,,,,,,,,,,,,,,,,,,,,,,"Id reiciendis pariatur quisquam aut aut dolorum eaque doloribus. Enim qui dicta qui eos et dolore optio et. Praesentium sapiente voluptas ut totam dolor itaque ut.",,,,,,,,,,,,,,,,,,,,,,,,,,,,,,,,,,,,,,,,,,,,,,,,,,,,,,,,,,,,,,,,,,,,,,,,,,,,,,,,,,,,,,,
proposal,UHJvcG9zYWw6cHJvcG9zYWw1Mg==,"""114-152""","Proposal 52",0,@datetime@,@datetime@,@datetime@,PUBLISHED,,,https://capco.dev/projects/budget-participatif-rennes/collect/collecte-des-propositions-avec-questions/proposals/proposal-52,VXNlcjp1c2VyMQ==,lbrunet,Yes,lbrunet@jolicode.com,1,Citoyen,,,,,,,,,,,,,,,,,,,,,,,,,"Ut accusantium suscipit ut fuga ut deleniti placeat. Libero error in reprehenderit esse. Adipisci ad sequi ipsam atque mollitia.",,,,,,,,,,,,,,,,,,,,,,,,,,,,,,,,,,,,,,,,,,,,,,,,,,,,,,,,,,,,,,,,,,,,,,,,,,,,,,,,,,,,,,,
proposal,UHJvcG9zYWw6cHJvcG9zYWw1Mw==,"""114-153""","Proposal 53",0,@datetime@,@datetime@,@datetime@,PUBLISHED,,,https://capco.dev/projects/budget-participatif-rennes/collect/collecte-des-propositions-avec-questions/proposals/proposal-53,VXNlcjp1c2VyMQ==,lbrunet,Yes,lbrunet@jolicode.com,1,Citoyen,,,,,,,,,,,,,,,,,,,,,,,,,"Consectetur maxime nihil voluptas rerum odit adipisci. Nam molestiae autem corrupti atque. Qui fuga sit dolorem fugit omnis. Eum est veniam numquam voluptas velit debitis.",,,,,,,,,,,,,,,,,,,,,,,,,,,,,,,,,,,,,,,,,,,,,,,,,,,,,,,,,,,,,,,,,,,,,,,,,,,,,,,,,,,,,,,
proposal,UHJvcG9zYWw6cHJvcG9zYWw1NA==,"""114-154""","Proposal 54",0,@datetime@,@datetime@,@datetime@,PUBLISHED,,,https://capco.dev/projects/budget-participatif-rennes/collect/collecte-des-propositions-avec-questions/proposals/proposal-54,VXNlcjp1c2VyMQ==,lbrunet,Yes,lbrunet@jolicode.com,1,Citoyen,,,,,,,,,,,,,,,,,,,,,,,,,"Hic et odit amet. Sed labore sequi tempore sequi.",,,,,,,,,,,,,,,,,,,,,,,,,,,,,,,,,,,,,,,,,,,,,,,,,,,,,,,,,,,,,,,,,,,,,,,,,,,,,,,,,,,,,,,
proposal,UHJvcG9zYWw6cHJvcG9zYWw1NQ==,"""114-155""","Proposal 55",0,@datetime@,@datetime@,@datetime@,PUBLISHED,,,https://capco.dev/projects/budget-participatif-rennes/collect/collecte-des-propositions-avec-questions/proposals/proposal-55,VXNlcjp1c2VyMQ==,lbrunet,Yes,lbrunet@jolicode.com,1,Citoyen,,,,,,,,,,,,,,,,,,,,,,,,,"Est qui libero ipsa odio. In earum quo reprehenderit placeat est. Aut ut voluptatem maxime et quis amet. Qui molestias culpa dignissimos rem.",,,,,,,,,,,,,,,,,,,,,,,,,,,,,,,,,,,,,,,,,,,,,,,,,,,,,,,,,,,,,,,,,,,,,,,,,,,,,,,,,,,,,,,
proposal,UHJvcG9zYWw6cHJvcG9zYWw1Ng==,"""114-156""","Proposal 56",0,@datetime@,@datetime@,@datetime@,PUBLISHED,,,https://capco.dev/projects/budget-participatif-rennes/collect/collecte-des-propositions-avec-questions/proposals/proposal-56,VXNlcjp1c2VyMQ==,lbrunet,Yes,lbrunet@jolicode.com,1,Citoyen,,,,,,,,,,,,,,,,,,,,,,,,,"Suscipit impedit ut id eum. Et et temporibus qui illo distinctio velit temporibus. Sint eum vel corrupti qui velit.",,,,,,,,,,,,,,,,,,,,,,,,,,,,,,,,,,,,,,,,,,,,,,,,,,,,,,,,,,,,,,,,,,,,,,,,,,,,,,,,,,,,,,,
proposal,UHJvcG9zYWw6cHJvcG9zYWw1Nw==,"""114-157""","Proposal 57",0,@datetime@,@datetime@,@datetime@,PUBLISHED,,,https://capco.dev/projects/budget-participatif-rennes/collect/collecte-des-propositions-avec-questions/proposals/proposal-57,VXNlcjp1c2VyMQ==,lbrunet,Yes,lbrunet@jolicode.com,1,Citoyen,,,,,,,,,,,,,,,,,,,,,,,,,"Id alias excepturi culpa voluptatem reiciendis quia qui. Quia nemo ratione consequatur ducimus voluptatum aut totam. Voluptatem ea doloribus dolor assumenda optio consectetur vitae.",,,,,,,,,,,,,,,,,,,,,,,,,,,,,,,,,,,,,,,,,,,,,,,,,,,,,,,,,,,,,,,,,,,,,,,,,,,,,,,,,,,,,,,
proposal,UHJvcG9zYWw6cHJvcG9zYWw1OA==,"""114-158""","Proposal 58",0,@datetime@,@datetime@,@datetime@,PUBLISHED,,,https://capco.dev/projects/budget-participatif-rennes/collect/collecte-des-propositions-avec-questions/proposals/proposal-58,VXNlcjp1c2VyMQ==,lbrunet,Yes,lbrunet@jolicode.com,1,Citoyen,,,,,,,,,,,,,,,,,,,,,,,,,"Earum eveniet sint voluptas voluptate nemo eos. Voluptas maiores sunt perspiciatis eos neque magnam asperiores. Voluptas magni consequatur sed autem.",,,,,,,,,,,,,,,,,,,,,,,,,,,,,,,,,,,,,,,,,,,,,,,,,,,,,,,,,,,,,,,,,,,,,,,,,,,,,,,,,,,,,,,
proposal,UHJvcG9zYWw6cHJvcG9zYWw1OQ==,"""114-159""","Proposal 59",0,@datetime@,@datetime@,@datetime@,PUBLISHED,,,https://capco.dev/projects/budget-participatif-rennes/collect/collecte-des-propositions-avec-questions/proposals/proposal-59,VXNlcjp1c2VyMQ==,lbrunet,Yes,lbrunet@jolicode.com,1,Citoyen,,,,,,,,,,,,,,,,,,,,,,,,,"Dolor accusantium esse praesentium eum accusantium aliquid dolorum. Dolores labore explicabo ullam aut molestiae.",,,,,,,,,,,,,,,,,,,,,,,,,,,,,,,,,,,,,,,,,,,,,,,,,,,,,,,,,,,,,,,,,,,,,,,,,,,,,,,,,,,,,,,
proposal,UHJvcG9zYWw6cHJvcG9zYWw2MA==,"""114-160""","Proposal 60",0,@datetime@,@datetime@,@datetime@,PUBLISHED,,,https://capco.dev/projects/budget-participatif-rennes/collect/collecte-des-propositions-avec-questions/proposals/proposal-60,VXNlcjp1c2VyMQ==,lbrunet,Yes,lbrunet@jolicode.com,1,Citoyen,,,,,,,,,,,,,,,,,,,,,,,,,"Illo est enim ea accusamus. Explicabo qui est nobis est beatae ea. Explicabo sint eum at ut numquam commodi.",,,,,,,,,,,,,,,,,,,,,,,,,,,,,,,,,,,,,,,,,,,,,,,,,,,,,,,,,,,,,,,,,,,,,,,,,,,,,,,,,,,,,,,
proposal,UHJvcG9zYWw6cHJvcG9zYWw2MQ==,"""114-161""","Proposal 61",0,@datetime@,@datetime@,@datetime@,PUBLISHED,,,https://capco.dev/projects/budget-participatif-rennes/collect/collecte-des-propositions-avec-questions/proposals/proposal-61,VXNlcjp1c2VyMQ==,lbrunet,Yes,lbrunet@jolicode.com,1,Citoyen,,,,,,,,,,,,,,,,,,,,,,,,,"Aliquam deleniti assumenda quia aut in. Debitis quia in eaque. Sed magni vel nam adipisci odio vel. Debitis itaque facilis similique sed facilis quis omnis.",,,,,,,,,,,,,,,,,,,,,,,,,,,,,,,,,,,,,,,,,,,,,,,,,,,,,,,,,,,,,,,,,,,,,,,,,,,,,,,,,,,,,,,
proposal,UHJvcG9zYWw6cHJvcG9zYWw2Mg==,"""114-162""","Proposal 62",0,@datetime@,@datetime@,@datetime@,PUBLISHED,,,https://capco.dev/projects/budget-participatif-rennes/collect/collecte-des-propositions-avec-questions/proposals/proposal-62,VXNlcjp1c2VyMQ==,lbrunet,Yes,lbrunet@jolicode.com,1,Citoyen,,,,,,,,,,,,,,,,,,,,,,,,,"Pariatur reiciendis dolores expedita dolor rerum. Iste maxime fugiat cum explicabo. Optio cumque eaque veniam in est hic quos. Est aut corrupti laboriosam sit rerum excepturi odit amet.",,,,,,,,,,,,,,,,,,,,,,,,,,,,,,,,,,,,,,,,,,,,,,,,,,,,,,,,,,,,,,,,,,,,,,,,,,,,,,,,,,,,,,,
proposal,UHJvcG9zYWw6cHJvcG9zYWw2Mw==,"""114-163""","Proposal 63",0,@datetime@,@datetime@,@datetime@,PUBLISHED,,,https://capco.dev/projects/budget-participatif-rennes/collect/collecte-des-propositions-avec-questions/proposals/proposal-63,VXNlcjp1c2VyMQ==,lbrunet,Yes,lbrunet@jolicode.com,1,Citoyen,,,,,,,,,,,,,,,,,,,,,,,,,"Quis quia labore molestiae harum recusandae. Vero earum temporibus hic qui.",,,,,,,,,,,,,,,,,,,,,,,,,,,,,,,,,,,,,,,,,,,,,,,,,,,,,,,,,,,,,,,,,,,,,,,,,,,,,,,,,,,,,,,
proposal,UHJvcG9zYWw6cHJvcG9zYWw2NA==,"""114-164""","Proposal 64",0,@datetime@,@datetime@,@datetime@,PUBLISHED,,,https://capco.dev/projects/budget-participatif-rennes/collect/collecte-des-propositions-avec-questions/proposals/proposal-64,VXNlcjp1c2VyMQ==,lbrunet,Yes,lbrunet@jolicode.com,1,Citoyen,,,,,,,,,,,,,,,,,,,,,,,,,"Molestias autem voluptatum laborum et vel error. Cumque nostrum nesciunt eligendi excepturi ut sunt. Culpa quis libero eius.",,,,,,,,,,,,,,,,,,,,,,,,,,,,,,,,,,,,,,,,,,,,,,,,,,,,,,,,,,,,,,,,,,,,,,,,,,,,,,,,,,,,,,,
proposal,UHJvcG9zYWw6cHJvcG9zYWw2NQ==,"""114-165""","Proposal 65",0,@datetime@,@datetime@,@datetime@,PUBLISHED,,,https://capco.dev/projects/budget-participatif-rennes/collect/collecte-des-propositions-avec-questions/proposals/proposal-65,VXNlcjp1c2VyMQ==,lbrunet,Yes,lbrunet@jolicode.com,1,Citoyen,,,,,,,,,,,,,,,,,,,,,,,,,"Consequatur in in non rem nulla quo. Velit nam sed laboriosam ducimus quia. Perferendis voluptatem non nemo labore. Aut aut quibusdam debitis atque.",,,,,,,,,,,,,,,,,,,,,,,,,,,,,,,,,,,,,,,,,,,,,,,,,,,,,,,,,,,,,,,,,,,,,,,,,,,,,,,,,,,,,,,
proposal,UHJvcG9zYWw6cHJvcG9zYWw2Ng==,"""114-166""","Proposal 66",0,@datetime@,@datetime@,@datetime@,PUBLISHED,,,https://capco.dev/projects/budget-participatif-rennes/collect/collecte-des-propositions-avec-questions/proposals/proposal-66,VXNlcjp1c2VyMQ==,lbrunet,Yes,lbrunet@jolicode.com,1,Citoyen,,,,,,,,,,,,,,,,,,,,,,,,,"Unde et sit dolorum beatae fuga dolorem quisquam optio. Nulla at rerum facere et quaerat. Reiciendis corporis quasi quo provident natus assumenda ea sed.",,,,,,,,,,,,,,,,,,,,,,,,,,,,,,,,,,,,,,,,,,,,,,,,,,,,,,,,,,,,,,,,,,,,,,,,,,,,,,,,,,,,,,,
proposal,UHJvcG9zYWw6cHJvcG9zYWw2Nw==,"""114-167""","Proposal 67",0,@datetime@,@datetime@,@datetime@,PUBLISHED,,,https://capco.dev/projects/budget-participatif-rennes/collect/collecte-des-propositions-avec-questions/proposals/proposal-67,VXNlcjp1c2VyMQ==,lbrunet,Yes,lbrunet@jolicode.com,1,Citoyen,,,,,,,,,,,,,,,,,,,,,,,,,"Sed doloremque non corrupti minima omnis. Deserunt quos est qui vitae libero fuga consequatur. Voluptatum explicabo molestiae rerum sunt nihil aut iure. Repudiandae cumque occaecati nemo quibusdam.",,,,,,,,,,,,,,,,,,,,,,,,,,,,,,,,,,,,,,,,,,,,,,,,,,,,,,,,,,,,,,,,,,,,,,,,,,,,,,,,,,,,,,,
proposal,UHJvcG9zYWw6cHJvcG9zYWw2OA==,"""114-168""","Proposal 68",0,@datetime@,@datetime@,@datetime@,PUBLISHED,,,https://capco.dev/projects/budget-participatif-rennes/collect/collecte-des-propositions-avec-questions/proposals/proposal-68,VXNlcjp1c2VyMQ==,lbrunet,Yes,lbrunet@jolicode.com,1,Citoyen,,,,,,,,,,,,,,,,,,,,,,,,,"Qui soluta facilis vero alias minima. Odit assumenda tenetur facilis tenetur eius vel qui. Et molestiae quod vitae sed. Ut sapiente nostrum sed omnis fugit in et.",,,,,,,,,,,,,,,,,,,,,,,,,,,,,,,,,,,,,,,,,,,,,,,,,,,,,,,,,,,,,,,,,,,,,,,,,,,,,,,,,,,,,,,
proposal,UHJvcG9zYWw6cHJvcG9zYWw2OQ==,"""114-169""","Proposal 69",0,@datetime@,@datetime@,@datetime@,PUBLISHED,,,https://capco.dev/projects/budget-participatif-rennes/collect/collecte-des-propositions-avec-questions/proposals/proposal-69,VXNlcjp1c2VyMQ==,lbrunet,Yes,lbrunet@jolicode.com,1,Citoyen,,,,,,,,,,,,,,,,,,,,,,,,,"Sit incidunt doloremque totam sunt. Provident omnis quis dolor tempore voluptates impedit. Suscipit similique deleniti perferendis possimus ipsa. Assumenda aut hic molestiae rem ut quia.",,,,,,,,,,,,,,,,,,,,,,,,,,,,,,,,,,,,,,,,,,,,,,,,,,,,,,,,,,,,,,,,,,,,,,,,,,,,,,,,,,,,,,,
proposal,UHJvcG9zYWw6cHJvcG9zYWw3MA==,"""114-170""","Proposal 70",0,@datetime@,@datetime@,@datetime@,PUBLISHED,,,https://capco.dev/projects/budget-participatif-rennes/collect/collecte-des-propositions-avec-questions/proposals/proposal-70,VXNlcjp1c2VyMQ==,lbrunet,Yes,lbrunet@jolicode.com,1,Citoyen,,,,,,,,,,,,,,,,,,,,,,,,,"Qui sapiente in labore eos sunt inventore. Inventore reprehenderit nemo sed aperiam quibusdam delectus adipisci aut. Iste tempora autem voluptas molestiae.",,,,,,,,,,,,,,,,,,,,,,,,,,,,,,,,,,,,,,,,,,,,,,,,,,,,,,,,,,,,,,,,,,,,,,,,,,,,,,,,,,,,,,,
proposal,UHJvcG9zYWw6cHJvcG9zYWw3MQ==,"""114-171""","Proposal 71",0,@datetime@,@datetime@,@datetime@,PUBLISHED,,,https://capco.dev/projects/budget-participatif-rennes/collect/collecte-des-propositions-avec-questions/proposals/proposal-71,VXNlcjp1c2VyMQ==,lbrunet,Yes,lbrunet@jolicode.com,1,Citoyen,,,,,,,,,,,,,,,,,,,,,,,,,"Et expedita doloremque et et adipisci amet ut. At laboriosam et omnis et. Quod quibusdam recusandae temporibus aspernatur magni tempore.",,,,,,,,,,,,,,,,,,,,,,,,,,,,,,,,,,,,,,,,,,,,,,,,,,,,,,,,,,,,,,,,,,,,,,,,,,,,,,,,,,,,,,,
proposal,UHJvcG9zYWw6cHJvcG9zYWw3Mg==,"""114-172""","Proposal 72",0,@datetime@,@datetime@,@datetime@,PUBLISHED,,,https://capco.dev/projects/budget-participatif-rennes/collect/collecte-des-propositions-avec-questions/proposals/proposal-72,VXNlcjp1c2VyMQ==,lbrunet,Yes,lbrunet@jolicode.com,1,Citoyen,,,,,,,,,,,,,,,,,,,,,,,,,"Aut ut qui dolorem unde officiis. Alias et ut qui necessitatibus aut vel.",,,,,,,,,,,,,,,,,,,,,,,,,,,,,,,,,,,,,,,,,,,,,,,,,,,,,,,,,,,,,,,,,,,,,,,,,,,,,,,,,,,,,,,
proposal,UHJvcG9zYWw6cHJvcG9zYWw3Mw==,"""114-173""","Proposal 73",0,@datetime@,@datetime@,@datetime@,PUBLISHED,,,https://capco.dev/projects/budget-participatif-rennes/collect/collecte-des-propositions-avec-questions/proposals/proposal-73,VXNlcjp1c2VyMQ==,lbrunet,Yes,lbrunet@jolicode.com,1,Citoyen,,,,,,,,,,,,,,,,,,,,,,,,,"Quia culpa perspiciatis ut quod sed. Eaque et animi enim autem. Et sed eligendi voluptatem recusandae aliquam numquam consequatur earum.",,,,,,,,,,,,,,,,,,,,,,,,,,,,,,,,,,,,,,,,,,,,,,,,,,,,,,,,,,,,,,,,,,,,,,,,,,,,,,,,,,,,,,,
proposal,UHJvcG9zYWw6cHJvcG9zYWw3NA==,"""114-174""","Proposal 74",0,@datetime@,@datetime@,@datetime@,PUBLISHED,,,https://capco.dev/projects/budget-participatif-rennes/collect/collecte-des-propositions-avec-questions/proposals/proposal-74,VXNlcjp1c2VyMQ==,lbrunet,Yes,lbrunet@jolicode.com,1,Citoyen,,,,,,,,,,,,,,,,,,,,,,,,,"Tenetur recusandae deserunt sed minus quaerat. Similique dolorum est placeat.",,,,,,,,,,,,,,,,,,,,,,,,,,,,,,,,,,,,,,,,,,,,,,,,,,,,,,,,,,,,,,,,,,,,,,,,,,,,,,,,,,,,,,,
proposal,UHJvcG9zYWw6cHJvcG9zYWw3NQ==,"""114-175""","Proposal 75",0,@datetime@,@datetime@,@datetime@,PUBLISHED,,,https://capco.dev/projects/budget-participatif-rennes/collect/collecte-des-propositions-avec-questions/proposals/proposal-75,VXNlcjp1c2VyMQ==,lbrunet,Yes,lbrunet@jolicode.com,1,Citoyen,,,,,,,,,,,,,,,,,,,,,,,,,"Libero natus ab nulla sint similique voluptatum. Dolores enim voluptatum mollitia quia hic ex quam hic. Accusamus fugit ad eius quae nobis nihil saepe. A expedita suscipit consequuntur ipsam eos.",,,,,,,,,,,,,,,,,,,,,,,,,,,,,,,,,,,,,,,,,,,,,,,,,,,,,,,,,,,,,,,,,,,,,,,,,,,,,,,,,,,,,,,
proposal,UHJvcG9zYWw6cHJvcG9zYWw3Ng==,"""114-176""","Proposal 76",0,@datetime@,@datetime@,@datetime@,PUBLISHED,,,https://capco.dev/projects/budget-participatif-rennes/collect/collecte-des-propositions-avec-questions/proposals/proposal-76,VXNlcjp1c2VyMQ==,lbrunet,Yes,lbrunet@jolicode.com,1,Citoyen,,,,,,,,,,,,,,,,,,,,,,,,,"Optio dignissimos consequatur beatae quidem. Modi dolorum omnis praesentium porro. Aut sequi ut maxime quis rerum maiores.",,,,,,,,,,,,,,,,,,,,,,,,,,,,,,,,,,,,,,,,,,,,,,,,,,,,,,,,,,,,,,,,,,,,,,,,,,,,,,,,,,,,,,,
proposal,UHJvcG9zYWw6cHJvcG9zYWw3Nw==,"""114-177""","Proposal 77",0,@datetime@,@datetime@,@datetime@,PUBLISHED,,,https://capco.dev/projects/budget-participatif-rennes/collect/collecte-des-propositions-avec-questions/proposals/proposal-77,VXNlcjp1c2VyMQ==,lbrunet,Yes,lbrunet@jolicode.com,1,Citoyen,,,,,,,,,,,,,,,,,,,,,,,,,"Dolorem hic harum recusandae quis harum. In sit ex reprehenderit inventore porro fuga consequatur. Nostrum ex suscipit dolores. Qui neque consequatur fugiat qui.",,,,,,,,,,,,,,,,,,,,,,,,,,,,,,,,,,,,,,,,,,,,,,,,,,,,,,,,,,,,,,,,,,,,,,,,,,,,,,,,,,,,,,,
proposal,UHJvcG9zYWw6cHJvcG9zYWw3OA==,"""114-178""","Proposal 78",0,@datetime@,@datetime@,@datetime@,PUBLISHED,,,https://capco.dev/projects/budget-participatif-rennes/collect/collecte-des-propositions-avec-questions/proposals/proposal-78,VXNlcjp1c2VyMQ==,lbrunet,Yes,lbrunet@jolicode.com,1,Citoyen,,,,,,,,,,,,,,,,,,,,,,,,,"Natus id harum est quaerat ullam. Harum consectetur et provident occaecati enim tempora iusto. Nostrum non est blanditiis qui.",,,,,,,,,,,,,,,,,,,,,,,,,,,,,,,,,,,,,,,,,,,,,,,,,,,,,,,,,,,,,,,,,,,,,,,,,,,,,,,,,,,,,,,
proposal,UHJvcG9zYWw6cHJvcG9zYWw3OQ==,"""114-179""","Proposal 79",0,@datetime@,@datetime@,@datetime@,PUBLISHED,,,https://capco.dev/projects/budget-participatif-rennes/collect/collecte-des-propositions-avec-questions/proposals/proposal-79,VXNlcjp1c2VyMQ==,lbrunet,Yes,lbrunet@jolicode.com,1,Citoyen,,,,,,,,,,,,,,,,,,,,,,,,,"Accusamus repudiandae quo aut autem qui. Harum nobis itaque quis et sed earum aspernatur occaecati. Fuga consequatur eius autem rerum qui consectetur. Optio delectus enim quisquam.",,,,,,,,,,,,,,,,,,,,,,,,,,,,,,,,,,,,,,,,,,,,,,,,,,,,,,,,,,,,,,,,,,,,,,,,,,,,,,,,,,,,,,,
proposal,UHJvcG9zYWw6cHJvcG9zYWw4MA==,"""114-180""","Proposal 80",0,@datetime@,@datetime@,@datetime@,PUBLISHED,,,https://capco.dev/projects/budget-participatif-rennes/collect/collecte-des-propositions-avec-questions/proposals/proposal-80,VXNlcjp1c2VyMQ==,lbrunet,Yes,lbrunet@jolicode.com,1,Citoyen,,,,,,,,,,,,,,,,,,,,,,,,,"Error sequi rerum id mollitia porro. Dolores quo vero blanditiis quaerat. Expedita aliquam saepe consequatur eius quia quam. Sed dolorem beatae aperiam provident.",,,,,,,,,,,,,,,,,,,,,,,,,,,,,,,,,,,,,,,,,,,,,,,,,,,,,,,,,,,,,,,,,,,,,,,,,,,,,,,,,,,,,,,
proposal,UHJvcG9zYWw6cHJvcG9zYWw4MQ==,"""114-181""","Proposal 81",0,@datetime@,@datetime@,@datetime@,PUBLISHED,,,https://capco.dev/projects/budget-participatif-rennes/collect/collecte-des-propositions-avec-questions/proposals/proposal-81,VXNlcjp1c2VyMQ==,lbrunet,Yes,lbrunet@jolicode.com,1,Citoyen,,,,,,,,,,,,,,,,,,,,,,,,,"Eum aspernatur in vel earum rerum aliquid esse. Perferendis sit delectus corrupti quae sed. Atque ea neque dicta eaque harum saepe rerum. Atque nemo eligendi fuga minima.",,,,,,,,,,,,,,,,,,,,,,,,,,,,,,,,,,,,,,,,,,,,,,,,,,,,,,,,,,,,,,,,,,,,,,,,,,,,,,,,,,,,,,,
proposal,UHJvcG9zYWw6cHJvcG9zYWw4Mg==,"""114-182""","Proposal 82",0,@datetime@,@datetime@,@datetime@,PUBLISHED,,,https://capco.dev/projects/budget-participatif-rennes/collect/collecte-des-propositions-avec-questions/proposals/proposal-82,VXNlcjp1c2VyMQ==,lbrunet,Yes,lbrunet@jolicode.com,1,Citoyen,,,,,,,,,,,,,,,,,,,,,,,,,"Consequatur quis qui quis error quidem. Quia explicabo in ut. Alias facere minus aliquid labore voluptas.",,,,,,,,,,,,,,,,,,,,,,,,,,,,,,,,,,,,,,,,,,,,,,,,,,,,,,,,,,,,,,,,,,,,,,,,,,,,,,,,,,,,,,,
proposal,UHJvcG9zYWw6cHJvcG9zYWw4Mw==,"""114-183""","Proposal 83",0,@datetime@,@datetime@,@datetime@,PUBLISHED,,,https://capco.dev/projects/budget-participatif-rennes/collect/collecte-des-propositions-avec-questions/proposals/proposal-83,VXNlcjp1c2VyMQ==,lbrunet,Yes,lbrunet@jolicode.com,1,Citoyen,,,,,,,,,,,,,,,,,,,,,,,,,"Ipsa pariatur ducimus maxime et. Ut et odio quaerat. Repellat vel quasi voluptatibus iste est.",,,,,,,,,,,,,,,,,,,,,,,,,,,,,,,,,,,,,,,,,,,,,,,,,,,,,,,,,,,,,,,,,,,,,,,,,,,,,,,,,,,,,,,
proposal,UHJvcG9zYWw6cHJvcG9zYWw4NA==,"""114-184""","Proposal 84",0,@datetime@,@datetime@,@datetime@,PUBLISHED,,,https://capco.dev/projects/budget-participatif-rennes/collect/collecte-des-propositions-avec-questions/proposals/proposal-84,VXNlcjp1c2VyMQ==,lbrunet,Yes,lbrunet@jolicode.com,1,Citoyen,,,,,,,,,,,,,,,,,,,,,,,,,"Fugit id reiciendis culpa provident hic optio. Corporis beatae qui repudiandae suscipit minus. Ullam voluptas sed odio vel corporis incidunt. Ducimus fugiat ab accusamus natus aut.",,,,,,,,,,,,,,,,,,,,,,,,,,,,,,,,,,,,,,,,,,,,,,,,,,,,,,,,,,,,,,,,,,,,,,,,,,,,,,,,,,,,,,,
proposal,UHJvcG9zYWw6cHJvcG9zYWw4NQ==,"""114-185""","Proposal 85",0,@datetime@,@datetime@,@datetime@,PUBLISHED,,,https://capco.dev/projects/budget-participatif-rennes/collect/collecte-des-propositions-avec-questions/proposals/proposal-85,VXNlcjp1c2VyMQ==,lbrunet,Yes,lbrunet@jolicode.com,1,Citoyen,,,,,,,,,,,,,,,,,,,,,,,,,"Alias dignissimos iste deleniti. Repellendus facilis laborum harum. Impedit ducimus suscipit ab velit vel. Sapiente vitae similique sunt sunt.",,,,,,,,,,,,,,,,,,,,,,,,,,,,,,,,,,,,,,,,,,,,,,,,,,,,,,,,,,,,,,,,,,,,,,,,,,,,,,,,,,,,,,,
proposal,UHJvcG9zYWw6cHJvcG9zYWw4Ng==,"""114-186""","Proposal 86",0,@datetime@,@datetime@,@datetime@,PUBLISHED,,,https://capco.dev/projects/budget-participatif-rennes/collect/collecte-des-propositions-avec-questions/proposals/proposal-86,VXNlcjp1c2VyMQ==,lbrunet,Yes,lbrunet@jolicode.com,1,Citoyen,,,,,,,,,,,,,,,,,,,,,,,,,"Harum maiores saepe architecto. Fugiat harum reiciendis qui. Molestias doloribus illum fugiat. Autem qui fuga quos nam.",,,,,,,,,,,,,,,,,,,,,,,,,,,,,,,,,,,,,,,,,,,,,,,,,,,,,,,,,,,,,,,,,,,,,,,,,,,,,,,,,,,,,,,
proposal,UHJvcG9zYWw6cHJvcG9zYWw4Nw==,"""114-187""","Proposal 87",0,@datetime@,@datetime@,@datetime@,PUBLISHED,,,https://capco.dev/projects/budget-participatif-rennes/collect/collecte-des-propositions-avec-questions/proposals/proposal-87,VXNlcjp1c2VyMQ==,lbrunet,Yes,lbrunet@jolicode.com,1,Citoyen,,,,,,,,,,,,,,,,,,,,,,,,,"Sint omnis fugit voluptatibus ea soluta sed nihil. Hic veritatis suscipit distinctio. Dignissimos tempore autem consequatur sapiente consequatur facere temporibus.",,,,,,,,,,,,,,,,,,,,,,,,,,,,,,,,,,,,,,,,,,,,,,,,,,,,,,,,,,,,,,,,,,,,,,,,,,,,,,,,,,,,,,,
proposal,UHJvcG9zYWw6cHJvcG9zYWw4OA==,"""114-188""","Proposal 88",0,@datetime@,@datetime@,@datetime@,PUBLISHED,,,https://capco.dev/projects/budget-participatif-rennes/collect/collecte-des-propositions-avec-questions/proposals/proposal-88,VXNlcjp1c2VyMQ==,lbrunet,Yes,lbrunet@jolicode.com,1,Citoyen,,,,,,,,,,,,,,,,,,,,,,,,,"Autem esse sed quisquam aliquam. Odit cum sit assumenda enim distinctio commodi. Labore est sit nemo dolores et et fuga.",,,,,,,,,,,,,,,,,,,,,,,,,,,,,,,,,,,,,,,,,,,,,,,,,,,,,,,,,,,,,,,,,,,,,,,,,,,,,,,,,,,,,,,
proposal,UHJvcG9zYWw6cHJvcG9zYWw4OQ==,"""114-189""","Proposal 89",0,@datetime@,@datetime@,@datetime@,PUBLISHED,,,https://capco.dev/projects/budget-participatif-rennes/collect/collecte-des-propositions-avec-questions/proposals/proposal-89,VXNlcjp1c2VyMQ==,lbrunet,Yes,lbrunet@jolicode.com,1,Citoyen,,,,,,,,,,,,,,,,,,,,,,,,,"Velit autem debitis sed exercitationem. Est qui beatae maxime. Nulla deserunt ad quam quas quae dignissimos quia inventore.",,,,,,,,,,,,,,,,,,,,,,,,,,,,,,,,,,,,,,,,,,,,,,,,,,,,,,,,,,,,,,,,,,,,,,,,,,,,,,,,,,,,,,,
proposal,UHJvcG9zYWw6cHJvcG9zYWw5MA==,"""114-190""","Proposal 90",0,@datetime@,@datetime@,@datetime@,PUBLISHED,,,https://capco.dev/projects/budget-participatif-rennes/collect/collecte-des-propositions-avec-questions/proposals/proposal-90,VXNlcjp1c2VyMQ==,lbrunet,Yes,lbrunet@jolicode.com,1,Citoyen,,,,,,,,,,,,,,,,,,,,,,,,,"Eum mollitia est ex. Rerum fugit aspernatur et ut et necessitatibus corporis. Tenetur corporis in placeat. Fuga dignissimos rerum consequuntur odit reprehenderit voluptatem molestiae.",,,,,,,,,,,,,,,,,,,,,,,,,,,,,,,,,,,,,,,,,,,,,,,,,,,,,,,,,,,,,,,,,,,,,,,,,,,,,,,,,,,,,,,
proposal,UHJvcG9zYWw6cHJvcG9zYWw5MQ==,"""114-191""","Proposal 91",0,@datetime@,@datetime@,@datetime@,PUBLISHED,,,https://capco.dev/projects/budget-participatif-rennes/collect/collecte-des-propositions-avec-questions/proposals/proposal-91,VXNlcjp1c2VyMQ==,lbrunet,Yes,lbrunet@jolicode.com,1,Citoyen,,,,,,,,,,,,,,,,,,,,,,,,,"Quidem nulla labore natus minus exercitationem ratione quod. Quia repellat sapiente nam illum. Deleniti autem quibusdam sapiente expedita saepe quia. Labore maxime culpa accusantium dolorem.",,,,,,,,,,,,,,,,,,,,,,,,,,,,,,,,,,,,,,,,,,,,,,,,,,,,,,,,,,,,,,,,,,,,,,,,,,,,,,,,,,,,,,,
proposal,UHJvcG9zYWw6cHJvcG9zYWw5Mg==,"""114-192""","Proposal 92",0,@datetime@,@datetime@,@datetime@,PUBLISHED,,,https://capco.dev/projects/budget-participatif-rennes/collect/collecte-des-propositions-avec-questions/proposals/proposal-92,VXNlcjp1c2VyMQ==,lbrunet,Yes,lbrunet@jolicode.com,1,Citoyen,,,,,,,,,,,,,,,,,,,,,,,,,"Ea est officiis optio. Ipsa non a laudantium quisquam beatae. Distinctio aspernatur culpa quis id harum. Aliquid voluptate maiores veniam saepe consequatur animi.",,,,,,,,,,,,,,,,,,,,,,,,,,,,,,,,,,,,,,,,,,,,,,,,,,,,,,,,,,,,,,,,,,,,,,,,,,,,,,,,,,,,,,,
proposal,UHJvcG9zYWw6cHJvcG9zYWw5Mw==,"""114-193""","Proposal 93",0,@datetime@,@datetime@,@datetime@,PUBLISHED,,,https://capco.dev/projects/budget-participatif-rennes/collect/collecte-des-propositions-avec-questions/proposals/proposal-93,VXNlcjp1c2VyMQ==,lbrunet,Yes,lbrunet@jolicode.com,1,Citoyen,,,,,,,,,,,,,,,,,,,,,,,,,"Velit laborum corporis et consequatur fuga eaque. Numquam reiciendis iusto dicta ut voluptatem voluptas ullam. Enim qui aliquam sit sunt nesciunt.",,,,,,,,,,,,,,,,,,,,,,,,,,,,,,,,,,,,,,,,,,,,,,,,,,,,,,,,,,,,,,,,,,,,,,,,,,,,,,,,,,,,,,,
proposal,UHJvcG9zYWw6cHJvcG9zYWw5NA==,"""114-194""","Proposal 94",0,@datetime@,@datetime@,@datetime@,PUBLISHED,,,https://capco.dev/projects/budget-participatif-rennes/collect/collecte-des-propositions-avec-questions/proposals/proposal-94,VXNlcjp1c2VyMQ==,lbrunet,Yes,lbrunet@jolicode.com,1,Citoyen,,,,,,,,,,,,,,,,,,,,,,,,,"Voluptatum officiis recusandae accusamus aut. Similique mollitia molestiae autem. Corrupti exercitationem sit error autem rem dolores facere. Mollitia est et nihil sapiente culpa.",,,,,,,,,,,,,,,,,,,,,,,,,,,,,,,,,,,,,,,,,,,,,,,,,,,,,,,,,,,,,,,,,,,,,,,,,,,,,,,,,,,,,,,
proposal,UHJvcG9zYWw6cHJvcG9zYWw5NQ==,"""114-195""","Proposal 95",0,@datetime@,@datetime@,@datetime@,PUBLISHED,,,https://capco.dev/projects/budget-participatif-rennes/collect/collecte-des-propositions-avec-questions/proposals/proposal-95,VXNlcjp1c2VyMQ==,lbrunet,Yes,lbrunet@jolicode.com,1,Citoyen,,,,,,,,,,,,,,,,,,,,,,,,,"Sunt est est repellendus maiores dicta error. Officiis voluptate repudiandae libero ut. Enim laborum id ullam earum.",,,,,,,,,,,,,,,,,,,,,,,,,,,,,,,,,,,,,,,,,,,,,,,,,,,,,,,,,,,,,,,,,,,,,,,,,,,,,,,,,,,,,,,
proposal,UHJvcG9zYWw6cHJvcG9zYWw5Ng==,"""114-196""","Proposal 96",0,@datetime@,@datetime@,@datetime@,PUBLISHED,,,https://capco.dev/projects/budget-participatif-rennes/collect/collecte-des-propositions-avec-questions/proposals/proposal-96,VXNlcjp1c2VyMQ==,lbrunet,Yes,lbrunet@jolicode.com,1,Citoyen,,,,,,,,,,,,,,,,,,,,,,,,,"Et odio corporis iure provident animi. Cumque omnis illo repellendus veritatis.",,,,,,,,,,,,,,,,,,,,,,,,,,,,,,,,,,,,,,,,,,,,,,,,,,,,,,,,,,,,,,,,,,,,,,,,,,,,,,,,,,,,,,,
proposal,UHJvcG9zYWw6cHJvcG9zYWw5Nw==,"""114-197""","Proposal 97",0,@datetime@,@datetime@,@datetime@,PUBLISHED,,,https://capco.dev/projects/budget-participatif-rennes/collect/collecte-des-propositions-avec-questions/proposals/proposal-97,VXNlcjp1c2VyMQ==,lbrunet,Yes,lbrunet@jolicode.com,1,Citoyen,,,,,,,,,,,,,,,,,,,,,,,,,"Itaque est eum ut tenetur quo. Facilis laboriosam incidunt labore error in maxime hic. Necessitatibus est rem eius saepe ut unde. Saepe sit reprehenderit fuga ratione odio.",,,,,,,,,,,,,,,,,,,,,,,,,,,,,,,,,,,,,,,,,,,,,,,,,,,,,,,,,,,,,,,,,,,,,,,,,,,,,,,,,,,,,,,
proposal,UHJvcG9zYWw6cHJvcG9zYWw5OA==,"""114-198""","Proposal 98",0,@datetime@,@datetime@,@datetime@,PUBLISHED,,,https://capco.dev/projects/budget-participatif-rennes/collect/collecte-des-propositions-avec-questions/proposals/proposal-98,VXNlcjp1c2VyMQ==,lbrunet,Yes,lbrunet@jolicode.com,1,Citoyen,,,,,,,,,,,,,,,,,,,,,,,,,"Aspernatur et explicabo consequuntur doloribus cum ut rerum. Consequatur autem culpa dolorem veniam consequatur. Rerum non nam consequatur qui enim ut. Qui aliquam aut porro sequi.",,,,,,,,,,,,,,,,,,,,,,,,,,,,,,,,,,,,,,,,,,,,,,,,,,,,,,,,,,,,,,,,,,,,,,,,,,,,,,,,,,,,,,,
proposal,UHJvcG9zYWw6cHJvcG9zYWw5OQ==,"""114-199""","Proposal 99",0,@datetime@,@datetime@,@datetime@,PUBLISHED,,,https://capco.dev/projects/budget-participatif-rennes/collect/collecte-des-propositions-avec-questions/proposals/proposal-99,VXNlcjp1c2VyMQ==,lbrunet,Yes,lbrunet@jolicode.com,1,Citoyen,,,,,,,,,,,,,,,,,,,,,,,,,"Explicabo sequi nulla hic. Minima debitis ex rem aut rerum quod minima. Dicta earum dolores perspiciatis.",,,,,,,,,,,,,,,,,,,,,,,,,,,,,,,,,,,,,,,,,,,,,,,,,,,,,,,,,,,,,,,,,,,,,,,,,,,,,,,,,,,,,,,
