user_email,user_firstname,user_lastname,user_privateRegistration
lbrunet@jolicode.com,Laurent,Brunet,no
zwiegand@yahoo.com,dicki.harmony,,no
pdavis@yahoo.com,istracke,,no
jast.kamryn@gmail.com,lila.paucek,,no
celestine.kassulke@raynor.com,lbashirian,,no
druecker@gmail.com,macie41,,no
torp.janiya@yahoo.com,rtrantow,,no
idare@zboncak.com,winifred.littel,,no
dblock@gmail.com,allan.schuster,,no
jvonrueden@yahoo.com,okilback,,no
howell.jarrod@cummerata.com,ben.yost,,no
allene.hyatt@wiegand.org,hector.russel,,no
nathen08@cummerata.com,tiana72,,no
rosalee92@yahoo.com,yschowalter,,no
weber.domenic@turcotte.net,christelle.boyer,,no
waters.lucienne@gmail.com,erna46,,no
mmuller@lowe.info,adrien.tremblay,,no
moen.kamryn@yahoo.com,heaney.alfreda,,no
ebrakus@hotmail.com,damion37,,no
tyrell84@gibson.info,patricia05,,no
damian07@roberts.net,bins.alexa,,no
alexandra55@hegmann.org,von.chyna,,no
dcremin@gmail.com,lavonne.collins,,no
salvatore.frami@gmail.com,monroe18,,no
wilbert18@hotmail.com,mcglynn.vita,,no
cronin.ayana@russel.com,grant.deion,,no
mwolf@roob.com,damore.linnea,,no
sbeatty@yahoo.com,friesen.damaris,,no
schroeder.kavon@hotmail.com,dledner,,no
ogutmann@adams.org,wilburn72,,no
jeanette.bogan@hotmail.com,jeanette00,,no
cordie38@gmail.com,fbradtke,,no
arnaldo.jaskolski@hodkiewicz.info,schaefer.arnulfo,,no
ondricka.geovanny@gmail.com,dmarvin,,no
dorthy.hermann@hotmail.com,madie.rolfson,,no
nienow.sarai@hotmail.com,jnienow,,no
mosciski.kaylin@sipes.com,dkilback,,no
cmcglynn@bradtke.com,karianne79,,no
oran53@hotmail.com,mpowlowski,,no
spencer.lemke@yahoo.com,verna58,,no
kennedy05@mann.com,christina.vandervort,,no
christiansen.agustina@gmail.com,tromp.bradley,,no
tremblay.jovani@yahoo.com,mertie44,,no
flatley.yoshiko@yahoo.com,cleve.jenkins,,no
hhackett@parker.com,verner59,,no
beier.marc@ullrich.com,zcummings,,no
serena86@tremblay.net,celia68,,no
trinity79@fadel.com,ojohns,,no
mwolf@gmail.com,chasity.lynch,,no
jayda.stamm@johnson.com,lane65,,no
tsteuber@hotmail.com,wziemann,,no
