id,email,username,createdAt,updatedAt,lastLogin,rolesText,enabled,emailConfirmed,locked,phoneConfirmed,phoneConfirmationSentAt,userType.name,consentExternalCommunication,consentInternalCommunication,gender,firstname,lastname,dateOfBirth,websiteUrl,biography,address,address2,zipCode,city,phone,url,googleId,facebookId,samlId,opinionsCount,opinionVotesCount,opinionVersionsCount,arguments.totalCount,argumentVotesCount,proposalsCount,proposalVotesCount,commentVotesCount,sourcesCount,repliesCount,commentsCount,projectsCount,deletedAccountAt,"Champ pas facultatif","Champ facultatif","Sangohan / Vegeta ?"
VXNlcjp1c2VyMjAw,user200@cap-collectif.com,user200,"2017-01-01 03:20:00",,,Utilisateur,Yes,,No,No,,Citoyen,No,No,,firstname200,lastname200,,,,,,,,,https://capco.dev/profile/user200,,,,0,0,0,,0,,,,,,,,
VXNlcjp1c2VyMTk5,user199@cap-collectif.com,user199,"2017-01-01 03:19:00",,,Utilisateur,Yes,,No,No,,Citoyen,No,No,,firstname199,lastname199,,,,,,,,,https://capco.dev/profile/user199,,,,0,0,0,,0,,,,,,,,
VXNlcjp1c2VyMTk4,user198@cap-collectif.com,user198,"2017-01-01 03:18:00",,,Utilisateur,Yes,,No,No,,Citoyen,No,No,,firstname198,lastname198,,,,,,,,,https://capco.dev/profile/user198,,,,0,0,0,,0,,,,,,,,
VXNlcjp1c2VyMTk3,user197@cap-collectif.com,user197,"2017-01-01 03:17:00",,,Utilisateur,Yes,,No,No,,Citoyen,No,No,,firstname197,lastname197,,,,,,,,,https://capco.dev/profile/user197,,,,0,0,0,,0,,,,,,,,
VXNlcjp1c2VyMTk2,user196@cap-collectif.com,user196,"2017-01-01 03:16:00",,,Utilisateur,Yes,,No,No,,Citoyen,No,No,,firstname196,lastname196,,,,,,,,,https://capco.dev/profile/user196,,,,0,0,0,,0,,,,,,,,
VXNlcjp1c2VyMTk1,user195@cap-collectif.com,user195,"2017-01-01 03:15:00",,,Utilisateur,Yes,,No,No,,Citoyen,No,No,,firstname195,lastname195,,,,,,,,,https://capco.dev/profile/user195,,,,0,0,0,,0,,,,,,,,
VXNlcjp1c2VyMTk0,user194@cap-collectif.com,user194,"2017-01-01 03:14:00",,,Utilisateur,Yes,,No,No,,Citoyen,No,No,,firstname194,lastname194,,,,,,,,,https://capco.dev/profile/user194,,,,0,0,0,,0,,,,,,,,
VXNlcjp1c2VyMTkz,user193@cap-collectif.com,user193,"2017-01-01 03:13:00",,,Utilisateur,Yes,,No,No,,Citoyen,No,No,,firstname193,lastname193,,,,,,,,,https://capco.dev/profile/user193,,,,0,0,0,,0,,,,,,,,
VXNlcjp1c2VyMTky,user192@cap-collectif.com,user192,"2017-01-01 03:12:00",,,Utilisateur,Yes,,No,No,,Citoyen,No,No,,firstname192,lastname192,,,,,,,,,https://capco.dev/profile/user192,,,,0,0,0,,0,,,,,,,,
VXNlcjp1c2VyMTkx,user191@cap-collectif.com,user191,"2017-01-01 03:11:00",,,Utilisateur,Yes,,No,No,,Citoyen,No,No,,firstname191,lastname191,,,,,,,,,https://capco.dev/profile/user191,,,,0,0,0,,0,,,,,,,,
VXNlcjp1c2VyMTkw,user190@cap-collectif.com,user190,"2017-01-01 03:10:00",,,Utilisateur,Yes,,No,No,,Citoyen,No,No,,firstname190,lastname190,,,,,,,,,https://capco.dev/profile/user190,,,,0,0,0,,0,,,,,,,,
VXNlcjp1c2VyMTg5,user189@cap-collectif.com,user189,"2017-01-01 03:09:00",,,Utilisateur,Yes,,No,No,,Citoyen,No,No,,firstname189,lastname189,,,,,,,,,https://capco.dev/profile/user189,,,,0,0,0,,0,,,,,,,,
VXNlcjp1c2VyMTg4,user188@cap-collectif.com,user188,"2017-01-01 03:08:00",,,Utilisateur,Yes,,No,No,,Citoyen,No,No,,firstname188,lastname188,,,,,,,,,https://capco.dev/profile/user188,,,,0,0,0,,0,,,,,,,,
VXNlcjp1c2VyMTg3,user187@cap-collectif.com,user187,"2017-01-01 03:07:00",,,Utilisateur,Yes,,No,No,,Citoyen,No,No,,firstname187,lastname187,,,,,,,,,https://capco.dev/profile/user187,,,,0,0,0,,0,,,,,,,,
VXNlcjp1c2VyMTg2,user186@cap-collectif.com,user186,"2017-01-01 03:06:00",,,Utilisateur,Yes,,No,No,,Citoyen,No,No,,firstname186,lastname186,,,,,,,,,https://capco.dev/profile/user186,,,,0,0,0,,0,,,,,,,,
VXNlcjp1c2VyMTg1,user185@cap-collectif.com,user185,"2017-01-01 03:05:00",,,Utilisateur,Yes,,No,No,,Citoyen,No,No,,firstname185,lastname185,,,,,,,,,https://capco.dev/profile/user185,,,,0,0,0,,0,,,,,,,,
VXNlcjp1c2VyMTg0,user184@cap-collectif.com,user184,"2017-01-01 03:04:00",,,Utilisateur,Yes,,No,No,,Citoyen,No,No,,firstname184,lastname184,,,,,,,,,https://capco.dev/profile/user184,,,,0,0,0,,0,,,,,,,,
VXNlcjp1c2VyMTgz,user183@cap-collectif.com,user183,"2017-01-01 03:03:00",,,Utilisateur,Yes,,No,No,,Citoyen,No,No,,firstname183,lastname183,,,,,,,,,https://capco.dev/profile/user183,,,,0,0,0,,0,,,,,,,,
VXNlcjp1c2VyMTgy,user182@cap-collectif.com,user182,"2017-01-01 03:02:00",,,Utilisateur,Yes,,No,No,,Citoyen,No,No,,firstname182,lastname182,,,,,,,,,https://capco.dev/profile/user182,,,,0,0,0,,0,,,,,,,,
VXNlcjp1c2VyMTgx,user181@cap-collectif.com,user181,"2017-01-01 03:01:00",,,Utilisateur,Yes,,No,No,,Citoyen,No,No,,firstname181,lastname181,,,,,,,,,https://capco.dev/profile/user181,,,,0,0,0,,0,,,,,,,,
VXNlcjp1c2VyMTgw,user180@cap-collectif.com,user180,"2017-01-01 03:00:00",,,Utilisateur,Yes,,No,No,,Citoyen,No,No,,firstname180,lastname180,,,,,,,,,https://capco.dev/profile/user180,,,,0,0,0,,0,,,,,,,,
VXNlcjp1c2VyMTc5,user179@cap-collectif.com,user179,"2017-01-01 02:59:00",,,Utilisateur,Yes,,No,No,,Citoyen,No,No,,firstname179,lastname179,,,,,,,,,https://capco.dev/profile/user179,,,,0,0,0,,0,,,,,,,,
VXNlcjp1c2VyMTc4,user178@cap-collectif.com,user178,"2017-01-01 02:58:00",,,Utilisateur,Yes,,No,No,,Citoyen,No,No,,firstname178,lastname178,,,,,,,,,https://capco.dev/profile/user178,,,,0,0,0,,0,,,,,,,,
VXNlcjp1c2VyMTc3,user177@cap-collectif.com,user177,"2017-01-01 02:57:00",,,Utilisateur,Yes,,No,No,,Citoyen,No,No,,firstname177,lastname177,,,,,,,,,https://capco.dev/profile/user177,,,,0,0,0,,0,,,,,,,,
VXNlcjp1c2VyMTc2,user176@cap-collectif.com,user176,"2017-01-01 02:56:00",,,Utilisateur,Yes,,No,No,,Citoyen,No,No,,firstname176,lastname176,,,,,,,,,https://capco.dev/profile/user176,,,,0,0,0,,0,,,,,,,,
VXNlcjp1c2VyMTc1,user175@cap-collectif.com,user175,"2017-01-01 02:55:00",,,Utilisateur,Yes,,No,No,,Citoyen,No,No,,firstname175,lastname175,,,,,,,,,https://capco.dev/profile/user175,,,,0,0,0,,0,,,,,,,,
VXNlcjp1c2VyMTc0,user174@cap-collectif.com,user174,"2017-01-01 02:54:00",,,Utilisateur,Yes,,No,No,,Citoyen,No,No,,firstname174,lastname174,,,,,,,,,https://capco.dev/profile/user174,,,,0,0,0,,0,,,,,,,,
VXNlcjp1c2VyMTcz,user173@cap-collectif.com,user173,"2017-01-01 02:53:00",,,Utilisateur,Yes,,No,No,,Citoyen,No,No,,firstname173,lastname173,,,,,,,,,https://capco.dev/profile/user173,,,,0,0,0,,0,,,,,,,,
VXNlcjp1c2VyMTcy,user172@cap-collectif.com,user172,"2017-01-01 02:52:00",,,Utilisateur,Yes,,No,No,,Citoyen,No,No,,firstname172,lastname172,,,,,,,,,https://capco.dev/profile/user172,,,,0,0,0,,0,,,,,,,,
VXNlcjp1c2VyMTcx,user171@cap-collectif.com,user171,"2017-01-01 02:51:00",,,Utilisateur,Yes,,No,No,,Citoyen,No,No,,firstname171,lastname171,,,,,,,,,https://capco.dev/profile/user171,,,,0,0,0,,0,,,,,,,,
VXNlcjp1c2VyMTcw,user170@cap-collectif.com,user170,"2017-01-01 02:50:00",,,Utilisateur,Yes,,No,No,,Citoyen,No,No,,firstname170,lastname170,,,,,,,,,https://capco.dev/profile/user170,,,,0,0,0,,0,,,,,,,,
VXNlcjp1c2VyMTY5,user169@cap-collectif.com,user169,"2017-01-01 02:49:00",,,Utilisateur,Yes,,No,No,,Citoyen,No,No,,firstname169,lastname169,,,,,,,,,https://capco.dev/profile/user169,,,,0,0,0,,0,,,,,,,,
VXNlcjp1c2VyMTY4,user168@cap-collectif.com,user168,"2017-01-01 02:48:00",,,Utilisateur,Yes,,No,No,,Citoyen,No,No,,firstname168,lastname168,,,,,,,,,https://capco.dev/profile/user168,,,,0,0,0,,0,,,,,,,,
VXNlcjp1c2VyMTY3,user167@cap-collectif.com,user167,"2017-01-01 02:47:00",,,Utilisateur,Yes,,No,No,,Citoyen,No,No,,firstname167,lastname167,,,,,,,,,https://capco.dev/profile/user167,,,,0,0,0,,0,,,,,,,,
VXNlcjp1c2VyMTY2,user166@cap-collectif.com,user166,"2017-01-01 02:46:00",,,Utilisateur,Yes,,No,No,,Citoyen,No,No,,firstname166,lastname166,,,,,,,,,https://capco.dev/profile/user166,,,,0,0,0,,0,,,,,,,,
VXNlcjp1c2VyMTY1,user165@cap-collectif.com,user165,"2017-01-01 02:45:00",,,Utilisateur,Yes,,No,No,,Citoyen,No,No,,firstname165,lastname165,,,,,,,,,https://capco.dev/profile/user165,,,,0,0,0,,0,,,,,,,,
VXNlcjp1c2VyMTY0,user164@cap-collectif.com,user164,"2017-01-01 02:44:00",,,Utilisateur,Yes,,No,No,,Citoyen,No,No,,firstname164,lastname164,,,,,,,,,https://capco.dev/profile/user164,,,,0,0,0,,0,,,,,,,,
VXNlcjp1c2VyMTYz,user163@cap-collectif.com,user163,"2017-01-01 02:43:00",,,Utilisateur,Yes,,No,No,,Citoyen,No,No,,firstname163,lastname163,,,,,,,,,https://capco.dev/profile/user163,,,,0,0,0,,0,,,,,,,,
VXNlcjp1c2VyMTYy,user162@cap-collectif.com,user162,"2017-01-01 02:42:00",,,Utilisateur,Yes,,No,No,,Citoyen,No,No,,firstname162,lastname162,,,,,,,,,https://capco.dev/profile/user162,,,,0,0,0,,0,,,,,,,,
VXNlcjp1c2VyMTYx,user161@cap-collectif.com,user161,"2017-01-01 02:41:00",,,Utilisateur,Yes,,No,No,,Citoyen,No,No,,firstname161,lastname161,,,,,,,,,https://capco.dev/profile/user161,,,,0,0,0,,0,,,,,,,,
VXNlcjp1c2VyMTYw,user160@cap-collectif.com,user160,"2017-01-01 02:40:00",,,Utilisateur,Yes,,No,No,,Citoyen,No,No,,firstname160,lastname160,,,,,,,,,https://capco.dev/profile/user160,,,,0,0,0,,0,,,,,,,,
VXNlcjp1c2VyMTU5,user159@cap-collectif.com,user159,"2017-01-01 02:39:00",,,Utilisateur,Yes,,No,No,,Citoyen,No,No,,firstname159,lastname159,,,,,,,,,https://capco.dev/profile/user159,,,,0,0,0,,0,,,,,,,,
VXNlcjp1c2VyMTU4,user158@cap-collectif.com,user158,"2017-01-01 02:38:00",,,Utilisateur,Yes,,No,No,,Citoyen,No,No,,firstname158,lastname158,,,,,,,,,https://capco.dev/profile/user158,,,,0,0,0,,0,,,,,,,,
VXNlcjp1c2VyMTU3,user157@cap-collectif.com,user157,"2017-01-01 02:37:00",,,Utilisateur,Yes,,No,No,,Citoyen,No,No,,firstname157,lastname157,,,,,,,,,https://capco.dev/profile/user157,,,,0,0,0,,0,,,,,,,,
VXNlcjp1c2VyMTU2,user156@cap-collectif.com,user156,"2017-01-01 02:36:00",,,Utilisateur,Yes,,No,No,,Citoyen,No,No,,firstname156,lastname156,,,,,,,,,https://capco.dev/profile/user156,,,,0,0,0,,0,,,,,,,,
VXNlcjp1c2VyMTU1,user155@cap-collectif.com,user155,"2017-01-01 02:35:00",,,Utilisateur,Yes,,No,No,,Citoyen,No,No,,firstname155,lastname155,,,,,,,,,https://capco.dev/profile/user155,,,,0,0,0,,0,,,,,,,,
VXNlcjp1c2VyMTU0,user154@cap-collectif.com,user154,"2017-01-01 02:34:00",,,Utilisateur,Yes,,No,No,,Citoyen,No,No,,firstname154,lastname154,,,,,,,,,https://capco.dev/profile/user154,,,,0,0,0,,0,,,,,,,,
VXNlcjp1c2VyMTUz,user153@cap-collectif.com,user153,"2017-01-01 02:33:00",,,Utilisateur,Yes,,No,No,,Citoyen,No,No,,firstname153,lastname153,,,,,,,,,https://capco.dev/profile/user153,,,,0,0,0,,0,,,,,,,,
VXNlcjp1c2VyMTUy,user152@cap-collectif.com,user152,"2017-01-01 02:32:00",,,Utilisateur,Yes,,No,No,,Citoyen,No,No,,firstname152,lastname152,,,,,,,,,https://capco.dev/profile/user152,,,,0,0,0,,0,,,,,,,,
VXNlcjp1c2VyMTUx,user151@cap-collectif.com,user151,"2017-01-01 02:31:00",,,Utilisateur,Yes,,No,No,,Citoyen,No,No,,firstname151,lastname151,,,,,,,,,https://capco.dev/profile/user151,,,,0,0,0,,0,,,,,,,,
VXNlcjp1c2VyMTUw,user150@cap-collectif.com,user150,"2017-01-01 02:30:00",,,Utilisateur,Yes,,No,No,,Citoyen,No,No,,firstname150,lastname150,,,,,,,,,https://capco.dev/profile/user150,,,,0,0,0,,0,,,,,,,,
VXNlcjp1c2VyMTQ5,user149@cap-collectif.com,user149,"2017-01-01 02:29:00",,,Utilisateur,Yes,,No,No,,Citoyen,No,No,,firstname149,lastname149,,,,,,,,,https://capco.dev/profile/user149,,,,0,0,0,,0,,,,,,,,
VXNlcjp1c2VyMTQ4,user148@cap-collectif.com,user148,"2017-01-01 02:28:00",,,Utilisateur,Yes,,No,No,,Citoyen,No,No,,firstname148,lastname148,,,,,,,,,https://capco.dev/profile/user148,,,,0,0,0,,0,,,,,,,,
VXNlcjp1c2VyMTQ3,user147@cap-collectif.com,user147,"2017-01-01 02:27:00",,,Utilisateur,Yes,,No,No,,Citoyen,No,No,,firstname147,lastname147,,,,,,,,,https://capco.dev/profile/user147,,,,0,0,0,,0,,,,,,,,
VXNlcjp1c2VyMTQ2,user146@cap-collectif.com,user146,"2017-01-01 02:26:00",,,Utilisateur,Yes,,No,No,,Citoyen,No,No,,firstname146,lastname146,,,,,,,,,https://capco.dev/profile/user146,,,,0,0,0,,0,,,,,,,,
VXNlcjp1c2VyMTQ1,user145@cap-collectif.com,user145,"2017-01-01 02:25:00",,,Utilisateur,Yes,,No,No,,Citoyen,No,No,,firstname145,lastname145,,,,,,,,,https://capco.dev/profile/user145,,,,0,0,0,,0,,,,,,,,
VXNlcjp1c2VyMTQ0,user144@cap-collectif.com,user144,"2017-01-01 02:24:00",,,Utilisateur,Yes,,No,No,,Citoyen,No,No,,firstname144,lastname144,,,,,,,,,https://capco.dev/profile/user144,,,,0,0,0,,0,,,,,,,,
VXNlcjp1c2VyMTQz,user143@cap-collectif.com,user143,"2017-01-01 02:23:00",,,Utilisateur,Yes,,No,No,,Citoyen,No,No,,firstname143,lastname143,,,,,,,,,https://capco.dev/profile/user143,,,,0,0,0,,0,,,,,,,,
VXNlcjp1c2VyMTQy,user142@cap-collectif.com,user142,"2017-01-01 02:22:00",,,Utilisateur,Yes,,No,No,,Citoyen,No,No,,firstname142,lastname142,,,,,,,,,https://capco.dev/profile/user142,,,,0,0,0,,0,,,,,,,,
VXNlcjp1c2VyMTQx,user141@cap-collectif.com,user141,"2017-01-01 02:21:00",,,Utilisateur,Yes,,No,No,,Citoyen,No,No,,firstname141,lastname141,,,,,,,,,https://capco.dev/profile/user141,,,,0,0,0,,0,,,,,,,,
VXNlcjp1c2VyMTQw,user140@cap-collectif.com,user140,"2017-01-01 02:20:00",,,Utilisateur,Yes,,No,No,,Citoyen,No,No,,firstname140,lastname140,,,,,,,,,https://capco.dev/profile/user140,,,,0,0,0,,0,,,,,,,,
VXNlcjp1c2VyMTM5,user139@cap-collectif.com,user139,"2017-01-01 02:19:00",,,Utilisateur,Yes,,No,No,,Citoyen,No,No,,firstname139,lastname139,,,,,,,,,https://capco.dev/profile/user139,,,,0,0,0,,0,,,,,,,,
VXNlcjp1c2VyMTM4,user138@cap-collectif.com,user138,"2017-01-01 02:18:00",,,Utilisateur,Yes,,No,No,,Citoyen,No,No,,firstname138,lastname138,,,,,,,,,https://capco.dev/profile/user138,,,,0,0,0,,0,,,,,,,,
VXNlcjp1c2VyMTM3,user137@cap-collectif.com,user137,"2017-01-01 02:17:00",,,Utilisateur,Yes,,No,No,,Citoyen,No,No,,firstname137,lastname137,,,,,,,,,https://capco.dev/profile/user137,,,,0,0,0,,0,,,,,,,,
VXNlcjp1c2VyMTM2,user136@cap-collectif.com,user136,"2017-01-01 02:16:00",,,Utilisateur,Yes,,No,No,,Citoyen,No,No,,firstname136,lastname136,,,,,,,,,https://capco.dev/profile/user136,,,,0,0,0,,0,,,,,,,,
VXNlcjp1c2VyMTM1,user135@cap-collectif.com,user135,"2017-01-01 02:15:00",,,Utilisateur,Yes,,No,No,,Citoyen,No,No,,firstname135,lastname135,,,,,,,,,https://capco.dev/profile/user135,,,,0,0,0,,0,,,,,,,,
VXNlcjp1c2VyMTM0,user134@cap-collectif.com,user134,"2017-01-01 02:14:00",,,Utilisateur,Yes,,No,No,,Citoyen,No,No,,firstname134,lastname134,,,,,,,,,https://capco.dev/profile/user134,,,,0,0,0,,0,,,,,,,,
VXNlcjp1c2VyMTMz,user133@cap-collectif.com,user133,"2017-01-01 02:13:00",,,Utilisateur,Yes,,No,No,,Citoyen,No,No,,firstname133,lastname133,,,,,,,,,https://capco.dev/profile/user133,,,,0,0,0,,0,,,,,,,,
VXNlcjp1c2VyMTMy,user132@cap-collectif.com,user132,"2017-01-01 02:12:00",,,Utilisateur,Yes,,No,No,,Citoyen,No,No,,firstname132,lastname132,,,,,,,,,https://capco.dev/profile/user132,,,,0,0,0,,0,,,,,,,,
VXNlcjp1c2VyMTMx,user131@cap-collectif.com,user131,"2017-01-01 02:11:00",,,Utilisateur,Yes,,No,No,,Citoyen,No,No,,firstname131,lastname131,,,,,,,,,https://capco.dev/profile/user131,,,,0,0,0,,0,,,,,,,,
VXNlcjp1c2VyMTMw,user130@cap-collectif.com,user130,"2017-01-01 02:10:00",,,Utilisateur,Yes,,No,No,,Citoyen,No,No,,firstname130,lastname130,,,,,,,,,https://capco.dev/profile/user130,,,,0,0,0,,0,,,,,,,,
VXNlcjp1c2VyMTI5,user129@cap-collectif.com,user129,"2017-01-01 02:09:00",,,Utilisateur,Yes,,No,No,,Citoyen,No,No,,firstname129,lastname129,,,,,,,,,https://capco.dev/profile/user129,,,,0,0,0,,0,,,,,,,,
VXNlcjp1c2VyMTI4,user128@cap-collectif.com,user128,"2017-01-01 02:08:00",,,Utilisateur,Yes,,No,No,,Citoyen,No,No,,firstname128,lastname128,,,,,,,,,https://capco.dev/profile/user128,,,,0,0,0,,0,,,,,,,,
VXNlcjp1c2VyMTI3,user127@cap-collectif.com,user127,"2017-01-01 02:07:00",,,Utilisateur,Yes,,No,No,,Citoyen,No,No,,firstname127,lastname127,,,,,,,,,https://capco.dev/profile/user127,,,,0,0,0,,0,,,,,,,,
VXNlcjp1c2VyMTI2,user126@cap-collectif.com,user126,"2017-01-01 02:06:00",,,Utilisateur,Yes,,No,No,,Citoyen,No,No,,firstname126,lastname126,,,,,,,,,https://capco.dev/profile/user126,,,,0,0,0,,0,,,,,,,,
VXNlcjp1c2VyMTI1,user125@cap-collectif.com,user125,"2017-01-01 02:05:00",,,Utilisateur,Yes,,No,No,,Citoyen,No,No,,firstname125,lastname125,,,,,,,,,https://capco.dev/profile/user125,,,,0,0,0,,0,,,,,,,,
VXNlcjp1c2VyMTI0,user124@cap-collectif.com,user124,"2017-01-01 02:04:00",,,Utilisateur,Yes,,No,No,,Citoyen,No,No,,firstname124,lastname124,,,,,,,,,https://capco.dev/profile/user124,,,,0,0,0,,0,,,,,,,,
VXNlcjp1c2VyMTIz,user123@cap-collectif.com,user123,"2017-01-01 02:03:00",,,Utilisateur,Yes,,No,No,,Citoyen,No,No,,firstname123,lastname123,,,,,,,,,https://capco.dev/profile/user123,,,,0,0,0,,0,,,,,,,,
VXNlcjp1c2VyMTIy,user122@cap-collectif.com,user122,"2017-01-01 02:02:00",,,Utilisateur,Yes,,No,No,,Citoyen,No,No,,firstname122,lastname122,,,,,,,,,https://capco.dev/profile/user122,,,,0,0,0,,0,,,,,,,,
VXNlcjp1c2VyMTIx,user121@cap-collectif.com,user121,"2017-01-01 02:01:00",,,Utilisateur,Yes,,No,No,,Citoyen,No,No,,firstname121,lastname121,,,,,,,,,https://capco.dev/profile/user121,,,,0,0,0,,0,,,,,,,,
VXNlcjp1c2VyMTIw,user120@cap-collectif.com,user120,"2017-01-01 02:00:00",,,Utilisateur,Yes,,No,No,,Citoyen,No,No,,firstname120,lastname120,,,,,,,,,https://capco.dev/profile/user120,,,,0,0,0,,0,,,,,,,,
VXNlcjp1c2VyMTE5,user119@cap-collectif.com,user119,"2017-01-01 01:59:00",,,Utilisateur,Yes,,No,No,,Citoyen,No,No,,firstname119,lastname119,,,,,,,,,https://capco.dev/profile/user119,,,,0,0,0,,0,,,,,,,,
VXNlcjp1c2VyMTE4,user118@cap-collectif.com,user118,"2017-01-01 01:58:00",,,Utilisateur,Yes,,No,No,,Citoyen,No,No,,firstname118,lastname118,,,,,,,,,https://capco.dev/profile/user118,,,,0,0,0,,0,,,,,,,,
VXNlcjp1c2VyMTE3,user117@cap-collectif.com,user117,"2017-01-01 01:57:00",,,Utilisateur,Yes,,No,No,,Citoyen,No,No,,firstname117,lastname117,,,,,,,,,https://capco.dev/profile/user117,,,,0,0,0,,0,,,,,,,,
VXNlcjp1c2VyMTE2,user116@cap-collectif.com,user116,"2017-01-01 01:56:00",,,Utilisateur,Yes,,No,No,,Citoyen,No,No,,firstname116,lastname116,,,,,,,,,https://capco.dev/profile/user116,,,,0,0,0,,0,,,,,,,,
VXNlcjp1c2VyMTE1,user115@cap-collectif.com,user115,"2017-01-01 01:55:00",,,Utilisateur,Yes,,No,No,,Citoyen,No,No,,firstname115,lastname115,,,,,,,,,https://capco.dev/profile/user115,,,,0,0,0,,0,,,,,,,,
VXNlcjp1c2VyMTE0,user114@cap-collectif.com,user114,"2017-01-01 01:54:00",,,Utilisateur,Yes,,No,No,,Citoyen,No,No,,firstname114,lastname114,,,,,,,,,https://capco.dev/profile/user114,,,,0,0,0,,0,,,,,,,,
VXNlcjp1c2VyMTEz,user113@cap-collectif.com,user113,"2017-01-01 01:53:00",,,Utilisateur,Yes,,No,No,,Citoyen,No,No,,firstname113,lastname113,,,,,,,,,https://capco.dev/profile/user113,,,,0,0,0,,0,,,,,,,,
VXNlcjp1c2VyMTEy,user112@cap-collectif.com,user112,"2017-01-01 01:52:00",,,Utilisateur,Yes,,No,No,,Citoyen,No,No,,firstname112,lastname112,,,,,,,,,https://capco.dev/profile/user112,,,,0,0,0,,0,,,,,,,,
VXNlcjp1c2VyMTEx,user111@cap-collectif.com,user111,"2017-01-01 01:51:00",,,Utilisateur,Yes,,No,No,,Citoyen,No,No,,firstname111,lastname111,,,,,,,,,https://capco.dev/profile/user111,,,,0,0,0,,0,,,,,,,,
VXNlcjp1c2VyMTEw,user110@cap-collectif.com,user110,"2017-01-01 01:50:00",,,Utilisateur,Yes,,No,No,,Citoyen,No,No,,firstname110,lastname110,,,,,,,,,https://capco.dev/profile/user110,,,,0,0,0,,0,,,,,,,,
VXNlcjp1c2VyMTA5,user109@cap-collectif.com,user109,"2017-01-01 01:49:00",,,Utilisateur,Yes,,No,No,,Citoyen,No,No,,firstname109,lastname109,,,,,,,,,https://capco.dev/profile/user109,,,,0,0,0,,0,,,,,,,,
VXNlcjp1c2VyMTA4,user108@cap-collectif.com,user108,"2017-01-01 01:48:00",,,Utilisateur,Yes,,No,No,,Citoyen,No,No,,firstname108,lastname108,,,,,,,,,https://capco.dev/profile/user108,,,,0,0,0,,0,,,,,,,,
VXNlcjp1c2VyMTA3,user107@cap-collectif.com,user107,"2017-01-01 01:47:00",,,Utilisateur,Yes,,No,No,,Citoyen,No,No,,firstname107,lastname107,,,,,,,,,https://capco.dev/profile/user107,,,,0,0,0,,0,,,,,,,,
VXNlcjp1c2VyMTA2,user106@cap-collectif.com,user106,"2017-01-01 01:46:00",,,Utilisateur,Yes,,No,No,,Citoyen,No,No,,firstname106,lastname106,,,,,,,,,https://capco.dev/profile/user106,,,,0,0,0,,0,,,,,,,,
VXNlcjp1c2VyMTA1,user105@cap-collectif.com,user105,"2017-01-01 01:45:00",,,Utilisateur,Yes,,No,No,,Citoyen,No,No,,firstname105,lastname105,,,,,,,,,https://capco.dev/profile/user105,,,,0,0,0,,0,,,,,,,,
VXNlcjp1c2VyMTA0,user104@cap-collectif.com,user104,"2017-01-01 01:44:00",,,Utilisateur,Yes,,No,No,,Citoyen,No,No,,firstname104,lastname104,,,,,,,,,https://capco.dev/profile/user104,,,,0,0,0,,0,,,,,,,,
VXNlcjp1c2VyMTAz,user103@cap-collectif.com,user103,"2017-01-01 01:43:00",,,Utilisateur,Yes,,No,No,,Citoyen,No,No,,firstname103,lastname103,,,,,,,,,https://capco.dev/profile/user103,,,,0,0,0,,0,,,,,,,,
VXNlcjp1c2VyMTAy,user102@cap-collectif.com,user102,"2017-01-01 01:42:00",,,Utilisateur,Yes,,No,No,,Citoyen,No,No,,firstname102,lastname102,,,,,,,,,https://capco.dev/profile/user102,,,,0,0,0,,0,,,,,,,,
VXNlcjp1c2VyMTAx,user101@cap-collectif.com,user101,"2017-01-01 01:41:00",,,Utilisateur,Yes,,No,No,,Citoyen,No,No,,firstname101,lastname101,,,,,,,,,https://capco.dev/profile/user101,,,,0,0,0,,0,,,,,,,,
VXNlcjp1c2VyMTAw,user100@cap-collectif.com,user100,"2017-01-01 01:40:00",,,Utilisateur,Yes,,No,No,,Citoyen,No,No,,firstname100,lastname100,,,,,,,,,https://capco.dev/profile/user100,,,,0,0,0,,0,,,,,,,,
VXNlcjp1c2VyOTk=,user99@cap-collectif.com,user99,"2017-01-01 01:39:00",,,Utilisateur,Yes,,No,No,,Citoyen,No,No,,firstname99,lastname99,,,,,,,,,https://capco.dev/profile/user99,,,,0,0,0,,0,,,,,,,,
VXNlcjp1c2VyOTg=,user98@cap-collectif.com,user98,"2017-01-01 01:38:00",,,Utilisateur,Yes,,No,No,,Citoyen,No,No,,firstname98,lastname98,,,,,,,,,https://capco.dev/profile/user98,,,,0,0,0,,0,,,,,,,,
VXNlcjp1c2VyOTc=,user97@cap-collectif.com,user97,"2017-01-01 01:37:00",,,Utilisateur,Yes,,No,No,,Citoyen,No,No,,firstname97,lastname97,,,,,,,,,https://capco.dev/profile/user97,,,,0,0,0,,0,,,,,,,,
VXNlcjp1c2VyOTY=,user96@cap-collectif.com,user96,"2017-01-01 01:36:00",,,Utilisateur,Yes,,No,No,,Citoyen,No,No,,firstname96,lastname96,,,,,,,,,https://capco.dev/profile/user96,,,,0,0,0,,0,,,,,,,,
VXNlcjp1c2VyOTU=,user95@cap-collectif.com,user95,"2017-01-01 01:35:00",,,Utilisateur,Yes,,No,No,,Citoyen,No,No,,firstname95,lastname95,,,,,,,,,https://capco.dev/profile/user95,,,,0,0,0,,0,,,,,,,,
VXNlcjp1c2VyOTQ=,user94@cap-collectif.com,user94,"2017-01-01 01:34:00",,,Utilisateur,Yes,,No,No,,Citoyen,No,No,,firstname94,lastname94,,,,,,,,,https://capco.dev/profile/user94,,,,0,0,0,,0,,,,,,,,
VXNlcjp1c2VyOTM=,user93@cap-collectif.com,user93,"2017-01-01 01:33:00",,,Utilisateur,Yes,,No,No,,Citoyen,No,No,,firstname93,lastname93,,,,,,,,,https://capco.dev/profile/user93,,,,0,0,0,,0,,,,,,,,
VXNlcjp1c2VyOTI=,user92@cap-collectif.com,user92,"2017-01-01 01:32:00",,,Utilisateur,Yes,,No,No,,Citoyen,No,No,,firstname92,lastname92,,,,,,,,,https://capco.dev/profile/user92,,,,0,0,0,,0,,,,,,,,
VXNlcjp1c2VyOTE=,user91@cap-collectif.com,user91,"2017-01-01 01:31:00",,,Utilisateur,Yes,,No,No,,Citoyen,No,No,,firstname91,lastname91,,,,,,,,,https://capco.dev/profile/user91,,,,0,0,0,,0,,,,,,,,
VXNlcjp1c2VyOTA=,user90@cap-collectif.com,user90,"2017-01-01 01:30:00",,,Utilisateur,Yes,,No,No,,Citoyen,No,No,,firstname90,lastname90,,,,,,,,,https://capco.dev/profile/user90,,,,0,0,0,,0,,,,,,,,
VXNlcjp1c2VyODk=,user89@cap-collectif.com,user89,"2017-01-01 01:29:00",,,Utilisateur,Yes,,No,No,,Citoyen,No,No,,firstname89,lastname89,,,,,,,,,https://capco.dev/profile/user89,,,,0,0,0,,0,,,,,,,,
VXNlcjp1c2VyODg=,user88@cap-collectif.com,user88,"2017-01-01 01:28:00",,,Utilisateur,Yes,,No,No,,Citoyen,No,No,,firstname88,lastname88,,,,,,,,,https://capco.dev/profile/user88,,,,0,0,0,,0,,,,,,,,
VXNlcjp1c2VyODc=,user87@cap-collectif.com,user87,"2017-01-01 01:27:00",,,Utilisateur,Yes,,No,No,,Citoyen,No,No,,firstname87,lastname87,,,,,,,,,https://capco.dev/profile/user87,,,,0,0,0,,0,,,,,,,,
VXNlcjp1c2VyODY=,user86@cap-collectif.com,user86,"2017-01-01 01:26:00",,,Utilisateur,Yes,,No,No,,Citoyen,No,No,,firstname86,lastname86,,,,,,,,,https://capco.dev/profile/user86,,,,0,0,0,,0,,,,,,,,
VXNlcjp1c2VyODU=,user85@cap-collectif.com,user85,"2017-01-01 01:25:00",,,Utilisateur,Yes,,No,No,,Citoyen,No,No,,firstname85,lastname85,,,,,,,,,https://capco.dev/profile/user85,,,,0,0,0,,0,,,,,,,,
VXNlcjp1c2VyODQ=,user84@cap-collectif.com,user84,"2017-01-01 01:24:00",,,Utilisateur,Yes,,No,No,,Citoyen,No,No,,firstname84,lastname84,,,,,,,,,https://capco.dev/profile/user84,,,,0,0,0,,0,,,,,,,,
VXNlcjp1c2VyODM=,user83@cap-collectif.com,user83,"2017-01-01 01:23:00",,,Utilisateur,Yes,,No,No,,Citoyen,No,No,,firstname83,lastname83,,,,,,,,,https://capco.dev/profile/user83,,,,0,0,0,,0,,,,,,,,
VXNlcjp1c2VyODI=,user82@cap-collectif.com,user82,"2017-01-01 01:22:00",,,Utilisateur,Yes,,No,No,,Citoyen,No,No,,firstname82,lastname82,,,,,,,,,https://capco.dev/profile/user82,,,,0,0,0,,0,,,,,,,,
VXNlcjp1c2VyODE=,user81@cap-collectif.com,user81,"2017-01-01 01:21:00",,,Utilisateur,Yes,,No,No,,Citoyen,No,No,,firstname81,lastname81,,,,,,,,,https://capco.dev/profile/user81,,,,0,0,0,,0,,,,,,,,
VXNlcjp1c2VyODA=,user80@cap-collectif.com,user80,"2017-01-01 01:20:00",,,Utilisateur,Yes,,No,No,,Citoyen,No,No,,firstname80,lastname80,,,,,,,,,https://capco.dev/profile/user80,,,,1,0,0,,0,,,,,,,,
VXNlcjp1c2VyNzk=,user79@cap-collectif.com,user79,"2017-01-01 01:19:00",,,Utilisateur,Yes,,No,No,,Citoyen,No,No,,firstname79,lastname79,,,,,,,,,https://capco.dev/profile/user79,,,,1,0,0,,0,,,,,,,,
VXNlcjp1c2VyNzg=,user78@cap-collectif.com,user78,"2017-01-01 01:18:00",,,Utilisateur,Yes,,No,No,,Citoyen,No,No,,firstname78,lastname78,,,,,,,,,https://capco.dev/profile/user78,,,,1,0,0,,0,,,,,,,,
VXNlcjp1c2VyNzc=,user77@cap-collectif.com,user77,"2017-01-01 01:17:00",,,Utilisateur,Yes,,No,No,,Citoyen,No,No,,firstname77,lastname77,,,,,,,,,https://capco.dev/profile/user77,,,,1,0,0,,0,,,,,,,,
VXNlcjp1c2VyNzY=,user76@cap-collectif.com,user76,"2017-01-01 01:16:00",,,Utilisateur,Yes,,No,No,,Citoyen,No,No,,firstname76,lastname76,,,,,,,,,https://capco.dev/profile/user76,,,,1,0,0,,0,,,,,,,,
VXNlcjp1c2VyNzU=,user75@cap-collectif.com,user75,"2017-01-01 01:15:00",,,Utilisateur,Yes,,No,No,,Citoyen,No,No,,firstname75,lastname75,,,,,,,,,https://capco.dev/profile/user75,,,,1,0,0,,0,,,,,,,,
VXNlcjp1c2VyNzQ=,user74@cap-collectif.com,user74,"2017-01-01 01:14:00",,,Utilisateur,Yes,,No,No,,Citoyen,No,No,,firstname74,lastname74,,,,,,,,,https://capco.dev/profile/user74,,,,1,0,0,,0,,,,,,,,
VXNlcjp1c2VyNzM=,user73@cap-collectif.com,user73,"2017-01-01 01:13:00",,,Utilisateur,Yes,,No,No,,Citoyen,No,No,,firstname73,lastname73,,,,,,,,,https://capco.dev/profile/user73,,,,1,0,0,,0,,,,,,,,
VXNlcjp1c2VyNzI=,user72@cap-collectif.com,user72,"2017-01-01 01:12:00",,,Utilisateur,Yes,,No,No,,Citoyen,No,No,,firstname72,lastname72,,,,,,,,,https://capco.dev/profile/user72,,,,1,0,0,,0,,,,,,,,
VXNlcjp1c2VyNzE=,user71@cap-collectif.com,user71,"2017-01-01 01:11:00",,,Utilisateur,Yes,,No,No,,Citoyen,No,No,,firstname71,lastname71,,,,,,,,,https://capco.dev/profile/user71,,,,1,0,0,,0,,,,,,,,
VXNlcjp1c2VyNzA=,user70@cap-collectif.com,user70,"2017-01-01 01:10:00",,,Utilisateur,Yes,,No,No,,Citoyen,No,No,,firstname70,lastname70,,,,,,,,,https://capco.dev/profile/user70,,,,1,0,0,,0,,,,,,,,
VXNlcjp1c2VyNjk=,user69@cap-collectif.com,user69,"2017-01-01 01:09:00",,,Utilisateur,Yes,,No,No,,Citoyen,No,No,,firstname69,lastname69,,,,,,,,,https://capco.dev/profile/user69,,,,1,0,0,,0,,,,,,,,
VXNlcjp1c2VyNjg=,user68@cap-collectif.com,user68,"2017-01-01 01:08:00",,,Utilisateur,Yes,,No,No,,Citoyen,No,No,,firstname68,lastname68,,,,,,,,,https://capco.dev/profile/user68,,,,1,0,0,,0,,,,,,,,
VXNlcjp1c2VyNjc=,user67@cap-collectif.com,user67,"2017-01-01 01:07:00",,,Utilisateur,Yes,,No,No,,Citoyen,No,No,,firstname67,lastname67,,,,,,,,,https://capco.dev/profile/user67,,,,1,0,0,,0,,,,,,,,
VXNlcjp1c2VyNjY=,user66@cap-collectif.com,user66,"2017-01-01 01:06:00",,,Utilisateur,Yes,,No,No,,Citoyen,No,No,,firstname66,lastname66,,,,,,,,,https://capco.dev/profile/user66,,,,1,0,0,,0,,,,,,,,
VXNlcjp1c2VyNjU=,user65@cap-collectif.com,user65,"2017-01-01 01:05:00",,,Utilisateur,Yes,,No,No,,Citoyen,No,No,,firstname65,lastname65,,,,,,,,,https://capco.dev/profile/user65,,,,1,0,0,,0,,,,,,,,
VXNlcjp1c2VyNjQ=,user64@cap-collectif.com,user64,"2017-01-01 01:04:00",,,Utilisateur,Yes,,No,No,,Citoyen,No,No,,firstname64,lastname64,,,,,,,,,https://capco.dev/profile/user64,,,,1,0,0,,0,,,,,,,,
VXNlcjp1c2VyNjM=,user63@cap-collectif.com,user63,"2017-01-01 01:03:00",,,Utilisateur,Yes,,No,No,,Citoyen,No,No,,firstname63,lastname63,,,,,,,,,https://capco.dev/profile/user63,,,,1,0,0,,0,,,,,,,,
VXNlcjp1c2VyNjI=,user62@cap-collectif.com,user62,"2017-01-01 01:02:00",,,Utilisateur,Yes,,No,No,,Citoyen,No,No,,firstname62,lastname62,,,,,,,,,https://capco.dev/profile/user62,,,,1,0,0,,0,,,,,,,,
VXNlcjp1c2VyNjE=,user61@cap-collectif.com,user61,"2017-01-01 01:01:00",,,Utilisateur,Yes,,No,No,,Citoyen,No,No,,firstname61,lastname61,,,,,,,,,https://capco.dev/profile/user61,,,,1,0,0,,0,,,,,,,,
VXNlcjp1c2VyNjA=,user60@cap-collectif.com,user60,"2017-01-01 01:00:00",,,Utilisateur,Yes,,No,No,,Citoyen,No,No,,firstname60,lastname60,,,,,,,,,https://capco.dev/profile/user60,,,,1,0,0,,0,,,,,,,,
VXNlcjp1c2VyNTk=,user59@cap-collectif.com,user59,"2017-01-01 00:59:00",,,Utilisateur,Yes,,No,No,,Citoyen,No,No,,firstname59,lastname59,,,,,,,,,https://capco.dev/profile/user59,,,,1,0,0,,0,,,,,,,,
VXNlcjp1c2VyNTg=,user58@cap-collectif.com,user58,"2017-01-01 00:58:00",,,Utilisateur,Yes,,No,No,,Citoyen,No,No,,firstname58,lastname58,,,,,,,,,https://capco.dev/profile/user58,,,,1,0,0,,0,,,,,,,,
VXNlcjp1c2VyNTc=,user57@cap-collectif.com,user57,"2017-01-01 00:57:00",,,Utilisateur,Yes,,No,No,,Citoyen,No,No,,firstname57,lastname57,,,,,,,,,https://capco.dev/profile/user57,,,,1,0,0,,0,,,,,,,,
VXNlcjp1c2VyNTY=,user56@cap-collectif.com,user56,"2017-01-01 00:56:00",,,Utilisateur,Yes,,No,No,,Citoyen,No,No,,firstname56,lastname56,,,,,,,,,https://capco.dev/profile/user56,,,,1,0,0,,0,,,,,,,,
VXNlcjp1c2VyNTU=,user55@cap-collectif.com,user55,"2017-01-01 00:55:00",,,Utilisateur,Yes,,No,No,,Citoyen,No,No,,firstname55,lastname55,,,,,,,,,https://capco.dev/profile/user55,,,,1,0,0,,0,,,,,,,,
VXNlcjp1c2VyNTQ=,user54@cap-collectif.com,user54,"2017-01-01 00:54:00",,,Utilisateur,Yes,,No,No,,Citoyen,No,No,,firstname54,lastname54,,,,,,,,,https://capco.dev/profile/user54,,,,1,0,0,,0,,,,,,,,
VXNlcjp1c2VyNTM=,user53@cap-collectif.com,user53,"2017-01-01 00:53:00",,,Utilisateur,Yes,,No,No,,Citoyen,No,No,,firstname53,lastname53,,,,,,,,,https://capco.dev/profile/user53,,,,1,0,0,,0,,,,,,,,
VXNlcjp1c2VyNTI=,user52@cap-collectif.com,user52,"2017-01-01 00:52:00",,,Utilisateur,Yes,,No,No,,Citoyen,No,No,,firstname52,lastname52,,,,,,,,,https://capco.dev/profile/user52,,,,1,0,0,,0,,,,,,,,
VXNlcjp1c2VyNTE=,user51@cap-collectif.com,user51,"2017-01-01 00:51:00",,,Utilisateur,Yes,,No,No,,Citoyen,No,No,,firstname51,lastname51,,,,,,,,,https://capco.dev/profile/user51,,,,0,0,0,,0,,,,,,,,
VXNlcjp1c2VyNTA=,user50@cap-collectif.com,user50,"2017-01-01 00:50:00",,,Utilisateur,Yes,,No,No,,Citoyen,No,No,,firstname50,lastname50,,,,,,,,,https://capco.dev/profile/user50,,,,1,0,0,,2,,,,,,,,
VXNlcjp1c2VyNDk=,user49@cap-collectif.com,user49,"2017-01-01 00:49:00",,,Utilisateur,Yes,,No,No,,Citoyen,No,No,,firstname49,lastname49,,,,,,,,,https://capco.dev/profile/user49,,,,1,0,0,,2,,,,,,,,
VXNlcjp1c2VyNDg=,user48@cap-collectif.com,user48,"2017-01-01 00:48:00",,,Utilisateur,Yes,,No,No,,Citoyen,No,No,,firstname48,lastname48,,,,,,,,,https://capco.dev/profile/user48,,,,1,0,0,,2,,,,,,,,
VXNlcjp1c2VyNDc=,user47@cap-collectif.com,user47,"2017-01-01 00:47:00",,,Utilisateur,Yes,,No,No,,Citoyen,No,No,,firstname47,lastname47,,,,,,,,,https://capco.dev/profile/user47,,,,1,0,0,,2,,,,,,,,
VXNlcjp1c2VyNDY=,user46@cap-collectif.com,user46,"2017-01-01 00:46:00",,,Utilisateur,Yes,,No,No,,Citoyen,No,No,,firstname46,lastname46,,,,,,,,,https://capco.dev/profile/user46,,,,1,0,0,,2,,,,,,,,
VXNlcjp1c2VyNDU=,user45@cap-collectif.com,user45,"2017-01-01 00:45:00",,,Utilisateur,Yes,,No,No,,Citoyen,No,No,,firstname45,lastname45,,,,,,,,,https://capco.dev/profile/user45,,,,1,0,0,,2,,,,,,,,
VXNlcjp1c2VyNDQ=,user44@cap-collectif.com,user44,"2017-01-01 00:44:00",,,Utilisateur,Yes,,No,No,,Citoyen,No,No,,firstname44,lastname44,,,,,,,,,https://capco.dev/profile/user44,,,,1,0,0,,2,,,,,,,,
VXNlcjp1c2VyNDM=,user43@cap-collectif.com,user43,"2017-01-01 00:43:00",,,Utilisateur,Yes,,No,No,,Citoyen,No,No,,firstname43,lastname43,,,,,,,,,https://capco.dev/profile/user43,,,,1,0,0,,2,,,,,,,,
VXNlcjp1c2VyNDI=,user42@cap-collectif.com,user42,"2017-01-01 00:42:00",,,Utilisateur,Yes,,No,No,,Citoyen,No,No,,firstname42,lastname42,,,,,,,,,https://capco.dev/profile/user42,,,,1,0,0,,2,,,,,,,,
VXNlcjp1c2VyNDE=,user41@cap-collectif.com,user41,"2017-01-01 00:41:00",,,Utilisateur,Yes,,No,No,,Citoyen,No,No,,firstname41,lastname41,,,,,,,,,https://capco.dev/profile/user41,,,,1,0,0,,2,,,,,,,,
VXNlcjp1c2VyNDA=,user40@cap-collectif.com,user40,"2017-01-01 00:40:00",,,Utilisateur,Yes,,No,No,,Citoyen,No,No,,firstname40,lastname40,,,,,,,,,https://capco.dev/profile/user40,,,,1,0,0,,2,,,,,,,,
VXNlcjp1c2VyMzk=,user39@cap-collectif.com,user39,"2017-01-01 00:39:00",,,Utilisateur,Yes,,No,No,,Citoyen,No,No,,firstname39,lastname39,,,,,,,,,https://capco.dev/profile/user39,,,,1,0,0,,2,,,,,,,,
VXNlcjp1c2VyMzg=,user38@cap-collectif.com,user38,"2017-01-01 00:38:00",,,Utilisateur,Yes,,No,No,,Citoyen,No,No,,firstname38,lastname38,,,,,,,,,https://capco.dev/profile/user38,,,,1,0,0,,2,,,,,,,,
VXNlcjp1c2VyMzc=,user37@cap-collectif.com,user37,"2017-01-01 00:37:00",,,Utilisateur,Yes,,No,No,,Citoyen,No,No,,firstname37,lastname37,,,,,,,,,https://capco.dev/profile/user37,,,,1,0,0,,2,,,,,,,,
VXNlcjp1c2VyMzY=,user36@cap-collectif.com,user36,"2017-01-01 00:36:00",,,Utilisateur,Yes,,No,No,,Citoyen,No,No,,firstname36,lastname36,,,,,,,,,https://capco.dev/profile/user36,,,,1,0,0,,2,,,,,,,,
VXNlcjp1c2VyMzU=,user35@cap-collectif.com,user35,"2017-01-01 00:35:00",,,Utilisateur,Yes,,No,No,,Citoyen,No,No,,firstname35,lastname35,,,,,,,,,https://capco.dev/profile/user35,,,,1,0,0,,2,,,,,,,,
VXNlcjp1c2VyMzQ=,user34@cap-collectif.com,user34,"2017-01-01 00:34:00",,,Utilisateur,Yes,,No,No,,Citoyen,No,No,,firstname34,lastname34,,,,,,,,,https://capco.dev/profile/user34,,,,1,0,0,,2,,,,,,,,
VXNlcjp1c2VyMzM=,user33@cap-collectif.com,user33,"2017-01-01 00:33:00",,,Utilisateur,Yes,,No,No,,Citoyen,No,No,,firstname33,lastname33,,,,,,,,,https://capco.dev/profile/user33,,,,1,0,0,,2,,,,,,,,
VXNlcjp1c2VyMzI=,user32@cap-collectif.com,user32,"2017-01-01 00:32:00",,,Utilisateur,Yes,,No,No,,Citoyen,No,No,,firstname32,lastname32,,,,,,,,,https://capco.dev/profile/user32,,,,1,0,0,,2,,,,,,,,
VXNlcjp1c2VyMzE=,user31@cap-collectif.com,user31,"2017-01-01 00:31:00",,,Utilisateur,Yes,,No,No,,Citoyen,No,No,,firstname31,lastname31,,,,,,,,,https://capco.dev/profile/user31,,,,1,0,0,,2,,,,,,,,
VXNlcjp1c2VyMzA=,user30@cap-collectif.com,user30,"2017-01-01 00:30:00",,,Utilisateur,Yes,,No,No,,Citoyen,No,No,,firstname30,lastname30,,,,,,,,,https://capco.dev/profile/user30,,,,1,0,0,,2,,,,,,,,
VXNlcjp1c2VyMjk=,user29@cap-collectif.com,user29,"2017-01-01 00:29:00",,,Utilisateur,Yes,,No,No,,Citoyen,No,No,,firstname29,lastname29,,,,,,,,,https://capco.dev/profile/user29,,,,1,0,0,,2,,,,,,,,
VXNlcjp1c2VyMjg=,user28@cap-collectif.com,user28,"2017-01-01 00:28:00",,,Utilisateur,Yes,,No,No,,Citoyen,No,No,,firstname28,lastname28,,,,,,,,,https://capco.dev/profile/user28,,,,1,0,0,,2,,,,,,,,
VXNlcjp1c2VyMjc=,user27@cap-collectif.com,user27,"2017-01-01 00:27:00",,,Utilisateur,Yes,,No,No,,Citoyen,No,No,,firstname27,lastname27,,,,,,,,,https://capco.dev/profile/user27,,,,1,0,0,,2,,,,,,,,
VXNlcjp1c2VyMjY=,user26@cap-collectif.com,user26,"2017-01-01 00:26:00",,,Utilisateur,Yes,,No,No,,Citoyen,No,No,,firstname26,lastname26,,,,,,,,,https://capco.dev/profile/user26,,,,1,0,0,,2,,,,,,,,
VXNlcjp1c2VyMjU=,user25@cap-collectif.com,user25,"2017-01-01 00:25:00",,,Utilisateur,Yes,,No,No,,Citoyen,No,No,,firstname25,lastname25,,,,,,,,,https://capco.dev/profile/user25,,,,1,0,0,,2,,,,,,,,
VXNlcjp1c2VyMjQ=,user24@cap-collectif.com,user24,"2017-01-01 00:24:00",,,Utilisateur,Yes,,No,No,,Citoyen,No,No,,firstname24,lastname24,,,,,,,,,https://capco.dev/profile/user24,,,,1,0,0,,2,,,,,,,,
VXNlcjp1c2VyMjM=,user23@cap-collectif.com,user23,"2017-01-01 00:23:00",,,Utilisateur,Yes,,No,No,,Citoyen,No,No,,firstname23,lastname23,,,,,,,,,https://capco.dev/profile/user23,,,,1,0,0,,2,,,,,,,,
VXNlcjp1c2VyMjI=,user22@cap-collectif.com,user22,"2017-01-01 00:22:00",,,Utilisateur,Yes,,No,No,,Citoyen,No,No,,firstname22,lastname22,,,,,,,,,https://capco.dev/profile/user22,,,,1,0,0,,2,,,,,,,,
VXNlcjp1c2VyMjE=,user21@cap-collectif.com,user21,"2017-01-01 00:21:00",,,Utilisateur,Yes,,No,No,,Citoyen,No,No,,firstname21,lastname21,,,,,,,,,https://capco.dev/profile/user21,,,,1,0,0,,2,,,,,,,,
VXNlcjp1c2VyMjA=,user20@cap-collectif.com,user20,"2017-01-01 00:20:00",,,Utilisateur,Yes,,No,No,,Citoyen,No,No,,firstname20,lastname20,,,,,,,,,https://capco.dev/profile/user20,,,,1,0,0,,2,,,,,,,,
VXNlcjp1c2VyMTk=,user19@cap-collectif.com,user19,"2017-01-01 00:19:00",,,Utilisateur,Yes,,No,No,,Citoyen,No,No,,firstname19,lastname19,,,,,,,,,https://capco.dev/profile/user19,,,,1,0,0,,2,,,,,,,,
VXNlcjp1c2VyMTg=,user18@cap-collectif.com,user18,"2017-01-01 00:18:00",,,Utilisateur,Yes,,No,No,,Citoyen,No,No,,firstname18,lastname18,,,,,,,,,https://capco.dev/profile/user18,,,,1,0,0,,2,,,,,,,,
VXNlcjp1c2VyMTc=,user17@cap-collectif.com,user17,"2017-01-01 00:17:00",,,Utilisateur,Yes,,No,No,,Citoyen,No,No,,firstname17,lastname17,,,,,,,,,https://capco.dev/profile/user17,,,,1,0,0,,2,,,,,,,,
VXNlcjp1c2VyMTY=,user16@cap-collectif.com,user16,"2017-01-01 00:16:00",,,Utilisateur,Yes,,No,No,,Citoyen,No,No,,firstname16,lastname16,,,,,,,,,https://capco.dev/profile/user16,,,,1,0,0,,2,,,,,,,,
VXNlcjp1c2VyMTU=,user15@cap-collectif.com,user15,"2017-01-01 00:15:00",,,Utilisateur,Yes,,No,No,,Citoyen,No,No,,firstname15,lastname15,,,,,,,,,https://capco.dev/profile/user15,,,,1,0,0,,2,,,,,,,,
VXNlcjp1c2VyMTQ=,user14@cap-collectif.com,user14,"2017-01-01 00:14:00",,,Utilisateur,Yes,,No,No,,Citoyen,No,No,,firstname14,lastname14,,,,,,,,,https://capco.dev/profile/user14,,,,1,0,0,,2,,,,,,,,
VXNlcjp1c2VyMTM=,user13@cap-collectif.com,user13,"2017-01-01 00:13:00",,,Utilisateur,Yes,,No,No,,Citoyen,No,No,,firstname13,lastname13,,,,,,,,,https://capco.dev/profile/user13,,,,1,0,0,,2,,,,,,,,
VXNlcjp1c2VyMTI=,user12@cap-collectif.com,user12,"2017-01-01 00:12:00",,,Utilisateur,Yes,,No,No,,Citoyen,No,No,,firstname12,lastname12,,,,,,,,,https://capco.dev/profile/user12,,,,1,0,0,,2,,,,,,,,
VXNlcjp1c2VyMTE=,user11@cap-collectif.com,user11,"2017-01-01 00:11:00",,,Utilisateur,Yes,,No,No,,Citoyen,No,No,,firstname11,lastname11,,,,,,,,,https://capco.dev/profile/user11,,,,1,0,0,,2,,,,,,,,
VXNlcjp1c2VyMTA=,user10@cap-collectif.com,user10,"2017-01-01 00:10:00",,,Utilisateur,Yes,,No,No,,Citoyen,No,No,,firstname10,lastname10,,,,,,,,,https://capco.dev/profile/user10,,,,1,0,1,,2,,,,,,,,
VXNlcjp1c2VyOQ==,user9@cap-collectif.com,user9,"2017-01-01 00:09:00",,,Utilisateur,Yes,,No,No,,Citoyen,No,No,,firstname9,lastname9,,,,,,,,,https://capco.dev/profile/user9,,,,1,0,1,,2,,,,,,,,
VXNlcjp1c2VyOA==,user8@cap-collectif.com,user8,"2017-01-01 00:08:00",,,Utilisateur,Yes,,No,No,,Citoyen,No,No,,firstname8,lastname8,,,,,,,,,https://capco.dev/profile/user8,,,,1,0,1,,2,,,,,,,,
VXNlcjp1c2VyNw==,user7@cap-collectif.com,user7,"2017-01-01 00:07:00",,,Utilisateur,Yes,,No,No,,Citoyen,No,No,,firstname7,lastname7,,,,,,,,,https://capco.dev/profile/user7,,,,1,0,1,,2,,,,,,,,
VXNlcjp1c2VyNg==,user6@cap-collectif.com,user6,"2017-01-01 00:06:00",,,Utilisateur,Yes,,No,No,,Citoyen,No,No,,firstname6,lastname6,,,,,,,,,https://capco.dev/profile/user6,,,,1,0,1,,2,,,,,,,,
VXNlcjp1c2VyNTIw,saitama@cap-collectif.com,OnePunchMan,"2015-01-19 00:00:00",,,Utilisateur,Yes,,No,No,,Citoyen,No,No,,Saitama,Dono,,,"Miskin il a que le role user.",,,,,,https://capco.dev/profile/onepunchman,,,,0,0,0,,0,,,,,,,,
VXNlcjp1c2VyNTE4,no_name@cap-collectif.com,,"2015-01-18 00:00:00",,,Utilisateur,Yes,,No,No,,Citoyen,No,No,,,,,,,,,,,,https://capco.dev/profile/user518,,,,0,0,0,,0,,,,,,,,
VXNlcjp1c2VyNTE1,user_updating_email@test.com,user_updating_email,"2015-01-15 12:02:03","2016-01-01 13:37:42",,Utilisateur,Yes,,No,No,,Citoyen,No,No,,user_updating_email,user_updating_email,,,,,,,,,https://capco.dev/profile/userupdatingemail,,,,0,0,0,,0,,,,,,,,
VXNlcjp1c2VyNTEz,user_with_code_not_phone_confirmed@test.com,user_with_code_not_phone_confirmed,"2015-01-14 00:00:00",,,Utilisateur,Yes,,No,No,,Citoyen,No,No,,user_with_code_not_phone_confirmed,user_with_code_not_phone_confirmed,,,,,,,,+33628232323,https://capco.dev/profile/userwithcodenotphoneconfirmed,,,,0,0,0,,0,,,,,,,,
VXNlcjp1c2VyNTEy,user_with_phone_not_phone_confirmed@test.com,user_with_phone_not_phone_confirmed,"2015-01-13 00:00:00",,,Utilisateur,Yes,,No,No,,Citoyen,No,No,,user_with_phone_not_phone_confirmed,user_with_phone_not_phone_confirmed,,,,,,,,+33628353289,https://capco.dev/profile/userwithphonenotphoneconfirmed,,,,0,0,0,,0,,,,,,,,
VXNlcjp1c2VyX25vdF9jb25maXJtZWRfd2l0aF9jb250cmlidXRpb24=,user_not_confirmed_with_contributions@test.com,user_not_confirmed_with_contributions,"2015-01-12 02:00:00",,,Utilisateur,Yes,,No,No,,Citoyen,No,No,,user_not_confirmed_with_contributions,user_not_confirmed_with_contributions,,,,,,,,,https://capco.dev/profile/usernotconfirmedwithcontributions,,,,1,0,0,,0,,,,,,,,
VXNlcjp1c2VyX25vdF9jb25maXJtZWQ=,user_not_confirmed@test.com,user_not_confirmed,"2015-01-12 01:00:00",,,Utilisateur,Yes,,No,No,,Citoyen,No,No,,user_not_confirmed,user_not_confirmed,,,,,,,,+33628353289,https://capco.dev/profile/usernotconfirmed,,,,0,0,0,,0,,,,,,,,
VXNlcjp1c2VyNTA1,pierre@cap-collectif.com,ptondereau,"2015-01-12 00:00:00",,,Utilisateur,Yes,,No,No,,Citoyen,No,No,,Pierre,Tondereau,,,,,,,,,https://capco.dev/profile/ptondereau,,,,0,0,0,,0,,,,,,,,
VXNlcjp1c2VyNTA0,conseilregional@test.com,"user avec un nom très long comme par exemple conseil régional de machin truc","2015-01-11 00:00:00",,,Utilisateur,Yes,,No,No,,Citoyen,No,No,,prenom,nom,,,,,,,,,https://capco.dev/profile/useravecunnomtreslongcommeparexempleconseilregionaldemachintruc,,,,0,0,0,,0,,,,,,,,
VXNlcjp1c2VyNQ==,user@test.com,user,"2015-01-06 00:00:00","2016-01-01 00:00:00",,Utilisateur,Yes,,No,Yes,,Citoyen,No,No,FEMALE,Utilisateur,authentifier,"1996-03-01 00:00:00",,,"12 rue des boulets","2ieme etages",75012,Paris,+33635492871,https://capco.dev/profile/user,,,,4,42,0,,8,,,,,,,,
VXNlcjphZG1pbkNhcGNv,admin@cap-collectif.com,adminpro,"2015-01-05 00:00:00",,,Administrateur|Utilisateur,Yes,,No,Yes,,Citoyen,No,No,,Administrateur,authentifier,,,,,,,,+33675492871,https://capco.dev/profile/adminpro,,,,0,1,0,,0,,,,,,,,,Sangohan,"Champ non obligatoire inscription","Champ obligatoire inscription"
VXNlcjp1c2VyQWRtaW4=,admin@test.com,admin,"2015-01-04 00:00:00","2019-10-17 14:27:16","2019-10-17 14:27:16",Administrateur|Utilisateur,Yes,,No,Yes,,Citoyen,No,No,,Administrateur,authentifier,,,,,,,,+33675492871,https://capco.dev/profile/admin,,,,6,5,1,,6,,,,,,,,
VXNlcjp1c2VyNTEx,user_without_phone@test.com,user_without_phone,"2015-01-01 00:00:00",,,Utilisateur,Yes,,No,No,,Citoyen,No,No,,user_without_phone,user_without_phone,,,,,,,,,https://capco.dev/profile/userwithoutphone,,,,0,0,0,,0,,,,,,,,
